<?xml version="1.0" encoding="utf-8"?>
<DOCUMENT_ELEMENT table_name="whois" creation_time="1397900099" table_version="0.01" module_version="1.00" table_class="Application_Domain_Registration_Whois" creation_ip="2130706433">
  <RECORDS>
    <TABLE_ROW ROW_ID="1">
      <TABLE_FIELD FIELD_KEY="server"><![CDATA[whois.nic.ac]]></TABLE_FIELD>
      <TABLE_FIELD FIELD_KEY="extension"><![CDATA[ac]]></TABLE_FIELD>
      <TABLE_FIELD FIELD_KEY="badnews_length"><![CDATA[89]]></TABLE_FIELD>
      <TABLE_FIELD FIELD_KEY="whois_id"><![CDATA[1]]></TABLE_FIELD>
    </TABLE_ROW>
    <TABLE_ROW ROW_ID="2">
      <TABLE_FIELD FIELD_KEY="server"><![CDATA[whois.aeda.net.ae]]></TABLE_FIELD>
      <TABLE_FIELD FIELD_KEY="extension"><![CDATA[ae]]></TABLE_FIELD>
      <TABLE_FIELD FIELD_KEY="badnews_length"><![CDATA[15]]></TABLE_FIELD>
      <TABLE_FIELD FIELD_KEY="whois_id"><![CDATA[2]]></TABLE_FIELD>
    </TABLE_ROW>
    <TABLE_ROW ROW_ID="3">
      <TABLE_FIELD FIELD_KEY="server"><![CDATA[whois.aero]]></TABLE_FIELD>
      <TABLE_FIELD FIELD_KEY="extension"><![CDATA[aero]]></TABLE_FIELD>
      <TABLE_FIELD FIELD_KEY="badnews_length"><![CDATA[10]]></TABLE_FIELD>
      <TABLE_FIELD FIELD_KEY="whois_id"><![CDATA[3]]></TABLE_FIELD>
    </TABLE_ROW>
    <TABLE_ROW ROW_ID="4">
      <TABLE_FIELD FIELD_KEY="server"><![CDATA[whois.nic.af]]></TABLE_FIELD>
      <TABLE_FIELD FIELD_KEY="extension"><![CDATA[af]]></TABLE_FIELD>
      <TABLE_FIELD FIELD_KEY="badnews_length"><![CDATA[1046]]></TABLE_FIELD>
      <TABLE_FIELD FIELD_KEY="whois_id"><![CDATA[4]]></TABLE_FIELD>
    </TABLE_ROW>
    <TABLE_ROW ROW_ID="5">
      <TABLE_FIELD FIELD_KEY="server"><![CDATA[whois.nic.ag]]></TABLE_FIELD>
      <TABLE_FIELD FIELD_KEY="extension"><![CDATA[ag]]></TABLE_FIELD>
      <TABLE_FIELD FIELD_KEY="badnews_length"><![CDATA[10]]></TABLE_FIELD>
      <TABLE_FIELD FIELD_KEY="whois_id"><![CDATA[5]]></TABLE_FIELD>
    </TABLE_ROW>
    <TABLE_ROW ROW_ID="6">
      <TABLE_FIELD FIELD_KEY="server"><![CDATA[whois.amnic.net]]></TABLE_FIELD>
      <TABLE_FIELD FIELD_KEY="extension"><![CDATA[am]]></TABLE_FIELD>
      <TABLE_FIELD FIELD_KEY="badnews_length"><![CDATA[39]]></TABLE_FIELD>
      <TABLE_FIELD FIELD_KEY="whois_id"><![CDATA[6]]></TABLE_FIELD>
    </TABLE_ROW>
    <TABLE_ROW ROW_ID="7">
      <TABLE_FIELD FIELD_KEY="server"><![CDATA[whois.nic.as]]></TABLE_FIELD>
      <TABLE_FIELD FIELD_KEY="extension"><![CDATA[as]]></TABLE_FIELD>
      <TABLE_FIELD FIELD_KEY="badnews_length"><![CDATA[943]]></TABLE_FIELD>
      <TABLE_FIELD FIELD_KEY="whois_id"><![CDATA[7]]></TABLE_FIELD>
    </TABLE_ROW>
    <TABLE_ROW ROW_ID="8">
      <TABLE_FIELD FIELD_KEY="server"><![CDATA[whois.nic.asia]]></TABLE_FIELD>
      <TABLE_FIELD FIELD_KEY="extension"><![CDATA[asia]]></TABLE_FIELD>
      <TABLE_FIELD FIELD_KEY="badnews_length"><![CDATA[10]]></TABLE_FIELD>
      <TABLE_FIELD FIELD_KEY="whois_id"><![CDATA[8]]></TABLE_FIELD>
    </TABLE_ROW>
    <TABLE_ROW ROW_ID="9">
      <TABLE_FIELD FIELD_KEY="server"><![CDATA[whois.nic.at]]></TABLE_FIELD>
      <TABLE_FIELD FIELD_KEY="extension"><![CDATA[at]]></TABLE_FIELD>
      <TABLE_FIELD FIELD_KEY="badnews_length"><![CDATA[1181]]></TABLE_FIELD>
      <TABLE_FIELD FIELD_KEY="whois_id"><![CDATA[9]]></TABLE_FIELD>
    </TABLE_ROW>
    <TABLE_ROW ROW_ID="10">
      <TABLE_FIELD FIELD_KEY="server"><![CDATA[whois.dns.be]]></TABLE_FIELD>
      <TABLE_FIELD FIELD_KEY="extension"><![CDATA[be]]></TABLE_FIELD>
      <TABLE_FIELD FIELD_KEY="badnews_length"><![CDATA[1910]]></TABLE_FIELD>
      <TABLE_FIELD FIELD_KEY="whois_id"><![CDATA[10]]></TABLE_FIELD>
    </TABLE_ROW>
    <TABLE_ROW ROW_ID="11">
      <TABLE_FIELD FIELD_KEY="server"><![CDATA[whois.register.bg]]></TABLE_FIELD>
      <TABLE_FIELD FIELD_KEY="extension"><![CDATA[bg]]></TABLE_FIELD>
      <TABLE_FIELD FIELD_KEY="badnews_length"><![CDATA[41]]></TABLE_FIELD>
      <TABLE_FIELD FIELD_KEY="whois_id"><![CDATA[11]]></TABLE_FIELD>
    </TABLE_ROW>
    <TABLE_ROW ROW_ID="12">
      <TABLE_FIELD FIELD_KEY="server"><![CDATA[whois.neulevel.biz]]></TABLE_FIELD>
      <TABLE_FIELD FIELD_KEY="extension"><![CDATA[biz]]></TABLE_FIELD>
      <TABLE_FIELD FIELD_KEY="badnews_length"><![CDATA[1537]]></TABLE_FIELD>
      <TABLE_FIELD FIELD_KEY="whois_id"><![CDATA[12]]></TABLE_FIELD>
    </TABLE_ROW>
    <TABLE_ROW ROW_ID="13">
      <TABLE_FIELD FIELD_KEY="server"><![CDATA[whois.centralnic.com]]></TABLE_FIELD>
      <TABLE_FIELD FIELD_KEY="extension"><![CDATA[br.com]]></TABLE_FIELD>
      <TABLE_FIELD FIELD_KEY="badnews_length"><![CDATA[17]]></TABLE_FIELD>
      <TABLE_FIELD FIELD_KEY="whois_id"><![CDATA[13]]></TABLE_FIELD>
    </TABLE_ROW>
    <TABLE_ROW ROW_ID="14">
      <TABLE_FIELD FIELD_KEY="server"><![CDATA[whois.cctld.by]]></TABLE_FIELD>
      <TABLE_FIELD FIELD_KEY="extension"><![CDATA[by]]></TABLE_FIELD>
      <TABLE_FIELD FIELD_KEY="badnews_length"><![CDATA[22]]></TABLE_FIELD>
      <TABLE_FIELD FIELD_KEY="whois_id"><![CDATA[14]]></TABLE_FIELD>
    </TABLE_ROW>
    <TABLE_ROW ROW_ID="15">
      <TABLE_FIELD FIELD_KEY="server"><![CDATA[whois.cira.ca]]></TABLE_FIELD>
      <TABLE_FIELD FIELD_KEY="extension"><![CDATA[ca]]></TABLE_FIELD>
      <TABLE_FIELD FIELD_KEY="badnews_length"><![CDATA[328]]></TABLE_FIELD>
      <TABLE_FIELD FIELD_KEY="whois_id"><![CDATA[15]]></TABLE_FIELD>
    </TABLE_ROW>
    <TABLE_ROW ROW_ID="16">
      <TABLE_FIELD FIELD_KEY="server"><![CDATA[whois.cat]]></TABLE_FIELD>
      <TABLE_FIELD FIELD_KEY="extension"><![CDATA[cat]]></TABLE_FIELD>
      <TABLE_FIELD FIELD_KEY="badnews_length"><![CDATA[1094]]></TABLE_FIELD>
      <TABLE_FIELD FIELD_KEY="whois_id"><![CDATA[16]]></TABLE_FIELD>
    </TABLE_ROW>
    <TABLE_ROW ROW_ID="17">
      <TABLE_FIELD FIELD_KEY="server"><![CDATA[whois.nic.cc]]></TABLE_FIELD>
      <TABLE_FIELD FIELD_KEY="extension"><![CDATA[cc]]></TABLE_FIELD>
      <TABLE_FIELD FIELD_KEY="badnews_length"><![CDATA[2414]]></TABLE_FIELD>
      <TABLE_FIELD FIELD_KEY="whois_id"><![CDATA[17]]></TABLE_FIELD>
    </TABLE_ROW>
    <TABLE_ROW ROW_ID="18">
      <TABLE_FIELD FIELD_KEY="server"><![CDATA[whois.nic.cd]]></TABLE_FIELD>
      <TABLE_FIELD FIELD_KEY="extension"><![CDATA[cd]]></TABLE_FIELD>
      <TABLE_FIELD FIELD_KEY="badnews_length"><![CDATA[1094]]></TABLE_FIELD>
      <TABLE_FIELD FIELD_KEY="whois_id"><![CDATA[18]]></TABLE_FIELD>
    </TABLE_ROW>
    <TABLE_ROW ROW_ID="19">
      <TABLE_FIELD FIELD_KEY="server"><![CDATA[whois.nic.ch]]></TABLE_FIELD>
      <TABLE_FIELD FIELD_KEY="extension"><![CDATA[ch]]></TABLE_FIELD>
      <TABLE_FIELD FIELD_KEY="badnews_length"><![CDATA[62]]></TABLE_FIELD>
      <TABLE_FIELD FIELD_KEY="whois_id"><![CDATA[19]]></TABLE_FIELD>
    </TABLE_ROW>
    <TABLE_ROW ROW_ID="20">
      <TABLE_FIELD FIELD_KEY="server"><![CDATA[whois.cnnic.net.cn]]></TABLE_FIELD>
      <TABLE_FIELD FIELD_KEY="extension"><![CDATA[cn]]></TABLE_FIELD>
      <TABLE_FIELD FIELD_KEY="badnews_length"><![CDATA[20]]></TABLE_FIELD>
      <TABLE_FIELD FIELD_KEY="whois_id"><![CDATA[20]]></TABLE_FIELD>
    </TABLE_ROW>
    <TABLE_ROW ROW_ID="21">
      <TABLE_FIELD FIELD_KEY="server"><![CDATA[whois.centralnic.com]]></TABLE_FIELD>
      <TABLE_FIELD FIELD_KEY="extension"><![CDATA[cn.com]]></TABLE_FIELD>
      <TABLE_FIELD FIELD_KEY="badnews_length"><![CDATA[17]]></TABLE_FIELD>
      <TABLE_FIELD FIELD_KEY="whois_id"><![CDATA[21]]></TABLE_FIELD>
    </TABLE_ROW>
    <TABLE_ROW ROW_ID="22">
      <TABLE_FIELD FIELD_KEY="server"><![CDATA[whois.nic.co]]></TABLE_FIELD>
      <TABLE_FIELD FIELD_KEY="extension"><![CDATA[co]]></TABLE_FIELD>
      <TABLE_FIELD FIELD_KEY="badnews_length"><![CDATA[2344]]></TABLE_FIELD>
      <TABLE_FIELD FIELD_KEY="whois_id"><![CDATA[22]]></TABLE_FIELD>
    </TABLE_ROW>
    <TABLE_ROW ROW_ID="23">
      <TABLE_FIELD FIELD_KEY="server"><![CDATA[whois.co.nl]]></TABLE_FIELD>
      <TABLE_FIELD FIELD_KEY="extension"><![CDATA[co.nl]]></TABLE_FIELD>
      <TABLE_FIELD FIELD_KEY="badnews_length"><![CDATA[2591]]></TABLE_FIELD>
      <TABLE_FIELD FIELD_KEY="whois_id"><![CDATA[23]]></TABLE_FIELD>
    </TABLE_ROW>
    <TABLE_ROW ROW_ID="24">
      <TABLE_FIELD FIELD_KEY="server"><![CDATA[whois.verisign-grs.com]]></TABLE_FIELD>
      <TABLE_FIELD FIELD_KEY="extension"><![CDATA[com]]></TABLE_FIELD>
      <TABLE_FIELD FIELD_KEY="badnews_length"><![CDATA[2451]]></TABLE_FIELD>
      <TABLE_FIELD FIELD_KEY="whois_id"><![CDATA[24]]></TABLE_FIELD>
    </TABLE_ROW>
    <TABLE_ROW ROW_ID="25">
      <TABLE_FIELD FIELD_KEY="server"><![CDATA[whois.nic.cx]]></TABLE_FIELD>
      <TABLE_FIELD FIELD_KEY="extension"><![CDATA[cx]]></TABLE_FIELD>
      <TABLE_FIELD FIELD_KEY="badnews_length"><![CDATA[1749]]></TABLE_FIELD>
      <TABLE_FIELD FIELD_KEY="whois_id"><![CDATA[25]]></TABLE_FIELD>
    </TABLE_ROW>
    <TABLE_ROW ROW_ID="26">
      <TABLE_FIELD FIELD_KEY="server"><![CDATA[whois.nic.cz]]></TABLE_FIELD>
      <TABLE_FIELD FIELD_KEY="extension"><![CDATA[cz]]></TABLE_FIELD>
      <TABLE_FIELD FIELD_KEY="badnews_length"><![CDATA[0]]></TABLE_FIELD>
      <TABLE_FIELD FIELD_KEY="whois_id"><![CDATA[26]]></TABLE_FIELD>
    </TABLE_ROW>
    <TABLE_ROW ROW_ID="27">
      <TABLE_FIELD FIELD_KEY="server"><![CDATA[whois.denic.de]]></TABLE_FIELD>
      <TABLE_FIELD FIELD_KEY="extension"><![CDATA[de]]></TABLE_FIELD>
      <TABLE_FIELD FIELD_KEY="badnews_length"><![CDATA[22]]></TABLE_FIELD>
      <TABLE_FIELD FIELD_KEY="whois_id"><![CDATA[27]]></TABLE_FIELD>
    </TABLE_ROW>
    <TABLE_ROW ROW_ID="28">
      <TABLE_FIELD FIELD_KEY="server"><![CDATA[whois.dk-hostmaster.dk]]></TABLE_FIELD>
      <TABLE_FIELD FIELD_KEY="extension"><![CDATA[dk]]></TABLE_FIELD>
      <TABLE_FIELD FIELD_KEY="badnews_length"><![CDATA[698]]></TABLE_FIELD>
      <TABLE_FIELD FIELD_KEY="whois_id"><![CDATA[28]]></TABLE_FIELD>
    </TABLE_ROW>
    <TABLE_ROW ROW_ID="29">
      <TABLE_FIELD FIELD_KEY="server"><![CDATA[whois.nic.dz]]></TABLE_FIELD>
      <TABLE_FIELD FIELD_KEY="extension"><![CDATA[dz]]></TABLE_FIELD>
      <TABLE_FIELD FIELD_KEY="badnews_length"><![CDATA[996]]></TABLE_FIELD>
      <TABLE_FIELD FIELD_KEY="whois_id"><![CDATA[29]]></TABLE_FIELD>
    </TABLE_ROW>
    <TABLE_ROW ROW_ID="30">
      <TABLE_FIELD FIELD_KEY="server"><![CDATA[whois.tld.ee]]></TABLE_FIELD>
      <TABLE_FIELD FIELD_KEY="extension"><![CDATA[ee]]></TABLE_FIELD>
      <TABLE_FIELD FIELD_KEY="badnews_length"><![CDATA[143]]></TABLE_FIELD>
      <TABLE_FIELD FIELD_KEY="whois_id"><![CDATA[30]]></TABLE_FIELD>
    </TABLE_ROW>
    <TABLE_ROW ROW_ID="31">
      <TABLE_FIELD FIELD_KEY="server"><![CDATA[whois.eu]]></TABLE_FIELD>
      <TABLE_FIELD FIELD_KEY="extension"><![CDATA[eu]]></TABLE_FIELD>
      <TABLE_FIELD FIELD_KEY="badnews_length"><![CDATA[2217]]></TABLE_FIELD>
      <TABLE_FIELD FIELD_KEY="whois_id"><![CDATA[31]]></TABLE_FIELD>
    </TABLE_ROW>
    <TABLE_ROW ROW_ID="32">
      <TABLE_FIELD FIELD_KEY="server"><![CDATA[whois.centralnic.com]]></TABLE_FIELD>
      <TABLE_FIELD FIELD_KEY="extension"><![CDATA[eu.com]]></TABLE_FIELD>
      <TABLE_FIELD FIELD_KEY="badnews_length"><![CDATA[17]]></TABLE_FIELD>
      <TABLE_FIELD FIELD_KEY="whois_id"><![CDATA[32]]></TABLE_FIELD>
    </TABLE_ROW>
    <TABLE_ROW ROW_ID="33">
      <TABLE_FIELD FIELD_KEY="server"><![CDATA[whois.ficora.fi]]></TABLE_FIELD>
      <TABLE_FIELD FIELD_KEY="extension"><![CDATA[fi]]></TABLE_FIELD>
      <TABLE_FIELD FIELD_KEY="badnews_length"><![CDATA[136]]></TABLE_FIELD>
      <TABLE_FIELD FIELD_KEY="whois_id"><![CDATA[33]]></TABLE_FIELD>
    </TABLE_ROW>
    <TABLE_ROW ROW_ID="34">
      <TABLE_FIELD FIELD_KEY="server"><![CDATA[whois.nic.fo]]></TABLE_FIELD>
      <TABLE_FIELD FIELD_KEY="extension"><![CDATA[fo]]></TABLE_FIELD>
      <TABLE_FIELD FIELD_KEY="badnews_length"><![CDATA[272]]></TABLE_FIELD>
      <TABLE_FIELD FIELD_KEY="whois_id"><![CDATA[34]]></TABLE_FIELD>
    </TABLE_ROW>
    <TABLE_ROW ROW_ID="35">
      <TABLE_FIELD FIELD_KEY="server"><![CDATA[whois.nic.fr]]></TABLE_FIELD>
      <TABLE_FIELD FIELD_KEY="extension"><![CDATA[fr]]></TABLE_FIELD>
      <TABLE_FIELD FIELD_KEY="badnews_length"><![CDATA[471]]></TABLE_FIELD>
      <TABLE_FIELD FIELD_KEY="whois_id"><![CDATA[35]]></TABLE_FIELD>
    </TABLE_ROW>
    <TABLE_ROW ROW_ID="36">
      <TABLE_FIELD FIELD_KEY="server"><![CDATA[whois.centralnic.com]]></TABLE_FIELD>
      <TABLE_FIELD FIELD_KEY="extension"><![CDATA[gb.com]]></TABLE_FIELD>
      <TABLE_FIELD FIELD_KEY="badnews_length"><![CDATA[17]]></TABLE_FIELD>
      <TABLE_FIELD FIELD_KEY="whois_id"><![CDATA[36]]></TABLE_FIELD>
    </TABLE_ROW>
    <TABLE_ROW ROW_ID="37">
      <TABLE_FIELD FIELD_KEY="server"><![CDATA[whois.centralnic.com]]></TABLE_FIELD>
      <TABLE_FIELD FIELD_KEY="extension"><![CDATA[gb.net]]></TABLE_FIELD>
      <TABLE_FIELD FIELD_KEY="badnews_length"><![CDATA[17]]></TABLE_FIELD>
      <TABLE_FIELD FIELD_KEY="whois_id"><![CDATA[37]]></TABLE_FIELD>
    </TABLE_ROW>
    <TABLE_ROW ROW_ID="38">
      <TABLE_FIELD FIELD_KEY="server"><![CDATA[whois.centralnic.com]]></TABLE_FIELD>
      <TABLE_FIELD FIELD_KEY="extension"><![CDATA[qc.com]]></TABLE_FIELD>
      <TABLE_FIELD FIELD_KEY="badnews_length"><![CDATA[17]]></TABLE_FIELD>
      <TABLE_FIELD FIELD_KEY="whois_id"><![CDATA[38]]></TABLE_FIELD>
    </TABLE_ROW>
    <TABLE_ROW ROW_ID="39">
      <TABLE_FIELD FIELD_KEY="server"><![CDATA[whois.nic.gl]]></TABLE_FIELD>
      <TABLE_FIELD FIELD_KEY="extension"><![CDATA[gl]]></TABLE_FIELD>
      <TABLE_FIELD FIELD_KEY="badnews_length"><![CDATA[54]]></TABLE_FIELD>
      <TABLE_FIELD FIELD_KEY="whois_id"><![CDATA[39]]></TABLE_FIELD>
    </TABLE_ROW>
    <TABLE_ROW ROW_ID="40">
      <TABLE_FIELD FIELD_KEY="server"><![CDATA[whois.nic.gs]]></TABLE_FIELD>
      <TABLE_FIELD FIELD_KEY="extension"><![CDATA[gs]]></TABLE_FIELD>
      <TABLE_FIELD FIELD_KEY="badnews_length"><![CDATA[1117]]></TABLE_FIELD>
      <TABLE_FIELD FIELD_KEY="whois_id"><![CDATA[40]]></TABLE_FIELD>
    </TABLE_ROW>
    <TABLE_ROW ROW_ID="41">
      <TABLE_FIELD FIELD_KEY="server"><![CDATA[whois.hknic.net.hk]]></TABLE_FIELD>
      <TABLE_FIELD FIELD_KEY="extension"><![CDATA[hk]]></TABLE_FIELD>
      <TABLE_FIELD FIELD_KEY="badnews_length"><![CDATA[36]]></TABLE_FIELD>
      <TABLE_FIELD FIELD_KEY="whois_id"><![CDATA[41]]></TABLE_FIELD>
    </TABLE_ROW>
    <TABLE_ROW ROW_ID="42">
      <TABLE_FIELD FIELD_KEY="server"><![CDATA[whois.registry.hm]]></TABLE_FIELD>
      <TABLE_FIELD FIELD_KEY="extension"><![CDATA[hm]]></TABLE_FIELD>
      <TABLE_FIELD FIELD_KEY="badnews_length"><![CDATA[1477]]></TABLE_FIELD>
      <TABLE_FIELD FIELD_KEY="whois_id"><![CDATA[42]]></TABLE_FIELD>
    </TABLE_ROW>
    <TABLE_ROW ROW_ID="43">
      <TABLE_FIELD FIELD_KEY="server"><![CDATA[whois.dns.hr]]></TABLE_FIELD>
      <TABLE_FIELD FIELD_KEY="extension"><![CDATA[hr]]></TABLE_FIELD>
      <TABLE_FIELD FIELD_KEY="badnews_length"><![CDATA[25]]></TABLE_FIELD>
      <TABLE_FIELD FIELD_KEY="whois_id"><![CDATA[43]]></TABLE_FIELD>
    </TABLE_ROW>
    <TABLE_ROW ROW_ID="44">
      <TABLE_FIELD FIELD_KEY="server"><![CDATA[whois.nic.hu]]></TABLE_FIELD>
      <TABLE_FIELD FIELD_KEY="extension"><![CDATA[hu]]></TABLE_FIELD>
      <TABLE_FIELD FIELD_KEY="badnews_length"><![CDATA[71]]></TABLE_FIELD>
      <TABLE_FIELD FIELD_KEY="whois_id"><![CDATA[44]]></TABLE_FIELD>
    </TABLE_ROW>
    <TABLE_ROW ROW_ID="45">
      <TABLE_FIELD FIELD_KEY="server"><![CDATA[whois.centralnic.com]]></TABLE_FIELD>
      <TABLE_FIELD FIELD_KEY="extension"><![CDATA[hu.com]]></TABLE_FIELD>
      <TABLE_FIELD FIELD_KEY="badnews_length"><![CDATA[17]]></TABLE_FIELD>
      <TABLE_FIELD FIELD_KEY="whois_id"><![CDATA[45]]></TABLE_FIELD>
    </TABLE_ROW>
    <TABLE_ROW ROW_ID="46">
      <TABLE_FIELD FIELD_KEY="server"><![CDATA[whois.domainregistry.ie]]></TABLE_FIELD>
      <TABLE_FIELD FIELD_KEY="extension"><![CDATA[ie]]></TABLE_FIELD>
      <TABLE_FIELD FIELD_KEY="badnews_length"><![CDATA[206]]></TABLE_FIELD>
      <TABLE_FIELD FIELD_KEY="whois_id"><![CDATA[46]]></TABLE_FIELD>
    </TABLE_ROW>
    <TABLE_ROW ROW_ID="47">
      <TABLE_FIELD FIELD_KEY="server"><![CDATA[whois.inregistry.net]]></TABLE_FIELD>
      <TABLE_FIELD FIELD_KEY="extension"><![CDATA[in]]></TABLE_FIELD>
      <TABLE_FIELD FIELD_KEY="badnews_length"><![CDATA[10]]></TABLE_FIELD>
      <TABLE_FIELD FIELD_KEY="whois_id"><![CDATA[47]]></TABLE_FIELD>
    </TABLE_ROW>
    <TABLE_ROW ROW_ID="48">
      <TABLE_FIELD FIELD_KEY="server"><![CDATA[whois.afilias.info]]></TABLE_FIELD>
      <TABLE_FIELD FIELD_KEY="extension"><![CDATA[info]]></TABLE_FIELD>
      <TABLE_FIELD FIELD_KEY="badnews_length"><![CDATA[10]]></TABLE_FIELD>
      <TABLE_FIELD FIELD_KEY="whois_id"><![CDATA[48]]></TABLE_FIELD>
    </TABLE_ROW>
    <TABLE_ROW ROW_ID="49">
      <TABLE_FIELD FIELD_KEY="server"><![CDATA[whois.nic.io]]></TABLE_FIELD>
      <TABLE_FIELD FIELD_KEY="extension"><![CDATA[io]]></TABLE_FIELD>
      <TABLE_FIELD FIELD_KEY="badnews_length"><![CDATA[89]]></TABLE_FIELD>
      <TABLE_FIELD FIELD_KEY="whois_id"><![CDATA[49]]></TABLE_FIELD>
    </TABLE_ROW>
    <TABLE_ROW ROW_ID="50">
      <TABLE_FIELD FIELD_KEY="server"><![CDATA[whois.nic.ir]]></TABLE_FIELD>
      <TABLE_FIELD FIELD_KEY="extension"><![CDATA[ir]]></TABLE_FIELD>
      <TABLE_FIELD FIELD_KEY="badnews_length"><![CDATA[366]]></TABLE_FIELD>
      <TABLE_FIELD FIELD_KEY="whois_id"><![CDATA[50]]></TABLE_FIELD>
    </TABLE_ROW>
    <TABLE_ROW ROW_ID="51">
      <TABLE_FIELD FIELD_KEY="server"><![CDATA[whois.isnic.is]]></TABLE_FIELD>
      <TABLE_FIELD FIELD_KEY="extension"><![CDATA[is]]></TABLE_FIELD>
      <TABLE_FIELD FIELD_KEY="badnews_length"><![CDATA[146]]></TABLE_FIELD>
      <TABLE_FIELD FIELD_KEY="whois_id"><![CDATA[51]]></TABLE_FIELD>
    </TABLE_ROW>
    <TABLE_ROW ROW_ID="52">
      <TABLE_FIELD FIELD_KEY="server"><![CDATA[whois.nic.it]]></TABLE_FIELD>
      <TABLE_FIELD FIELD_KEY="extension"><![CDATA[it]]></TABLE_FIELD>
      <TABLE_FIELD FIELD_KEY="badnews_length"><![CDATA[51]]></TABLE_FIELD>
      <TABLE_FIELD FIELD_KEY="whois_id"><![CDATA[52]]></TABLE_FIELD>
    </TABLE_ROW>
    <TABLE_ROW ROW_ID="53">
      <TABLE_FIELD FIELD_KEY="server"><![CDATA[whois.je]]></TABLE_FIELD>
      <TABLE_FIELD FIELD_KEY="extension"><![CDATA[je]]></TABLE_FIELD>
      <TABLE_FIELD FIELD_KEY="badnews_length"><![CDATA[1195]]></TABLE_FIELD>
      <TABLE_FIELD FIELD_KEY="whois_id"><![CDATA[53]]></TABLE_FIELD>
    </TABLE_ROW>
    <TABLE_ROW ROW_ID="54">
      <TABLE_FIELD FIELD_KEY="server"><![CDATA[jobswhois.verisign-grs.com]]></TABLE_FIELD>
      <TABLE_FIELD FIELD_KEY="extension"><![CDATA[jobs]]></TABLE_FIELD>
      <TABLE_FIELD FIELD_KEY="badnews_length"><![CDATA[2414]]></TABLE_FIELD>
      <TABLE_FIELD FIELD_KEY="whois_id"><![CDATA[54]]></TABLE_FIELD>
    </TABLE_ROW>
    <TABLE_ROW ROW_ID="55">
      <TABLE_FIELD FIELD_KEY="server"><![CDATA[whois.jprs.jp]]></TABLE_FIELD>
      <TABLE_FIELD FIELD_KEY="extension"><![CDATA[jp]]></TABLE_FIELD>
      <TABLE_FIELD FIELD_KEY="badnews_length"><![CDATA[950]]></TABLE_FIELD>
      <TABLE_FIELD FIELD_KEY="whois_id"><![CDATA[55]]></TABLE_FIELD>
    </TABLE_ROW>
    <TABLE_ROW ROW_ID="56">
      <TABLE_FIELD FIELD_KEY="server"><![CDATA[whois.domain.kg]]></TABLE_FIELD>
      <TABLE_FIELD FIELD_KEY="extension"><![CDATA[kg]]></TABLE_FIELD>
      <TABLE_FIELD FIELD_KEY="badnews_length"><![CDATA[157]]></TABLE_FIELD>
      <TABLE_FIELD FIELD_KEY="whois_id"><![CDATA[56]]></TABLE_FIELD>
    </TABLE_ROW>
    <TABLE_ROW ROW_ID="57">
      <TABLE_FIELD FIELD_KEY="server"><![CDATA[whois.nic.or.kr]]></TABLE_FIELD>
      <TABLE_FIELD FIELD_KEY="extension"><![CDATA[kr]]></TABLE_FIELD>
      <TABLE_FIELD FIELD_KEY="badnews_length"><![CDATA[450]]></TABLE_FIELD>
      <TABLE_FIELD FIELD_KEY="whois_id"><![CDATA[57]]></TABLE_FIELD>
    </TABLE_ROW>
    <TABLE_ROW ROW_ID="58">
      <TABLE_FIELD FIELD_KEY="server"><![CDATA[whois.nic.li]]></TABLE_FIELD>
      <TABLE_FIELD FIELD_KEY="extension"><![CDATA[li]]></TABLE_FIELD>
      <TABLE_FIELD FIELD_KEY="badnews_length"><![CDATA[62]]></TABLE_FIELD>
      <TABLE_FIELD FIELD_KEY="whois_id"><![CDATA[58]]></TABLE_FIELD>
    </TABLE_ROW>
    <TABLE_ROW ROW_ID="59">
      <TABLE_FIELD FIELD_KEY="server"><![CDATA[whois.domreg.lt]]></TABLE_FIELD>
      <TABLE_FIELD FIELD_KEY="extension"><![CDATA[lt]]></TABLE_FIELD>
      <TABLE_FIELD FIELD_KEY="badnews_length"><![CDATA[639]]></TABLE_FIELD>
      <TABLE_FIELD FIELD_KEY="whois_id"><![CDATA[59]]></TABLE_FIELD>
    </TABLE_ROW>
    <TABLE_ROW ROW_ID="60">
      <TABLE_FIELD FIELD_KEY="server"><![CDATA[whois.restena.lu]]></TABLE_FIELD>
      <TABLE_FIELD FIELD_KEY="extension"><![CDATA[lu]]></TABLE_FIELD>
      <TABLE_FIELD FIELD_KEY="badnews_length"><![CDATA[1311]]></TABLE_FIELD>
      <TABLE_FIELD FIELD_KEY="whois_id"><![CDATA[60]]></TABLE_FIELD>
    </TABLE_ROW>
    <TABLE_ROW ROW_ID="61">
      <TABLE_FIELD FIELD_KEY="server"><![CDATA[whois.nic.lv]]></TABLE_FIELD>
      <TABLE_FIELD FIELD_KEY="extension"><![CDATA[lv]]></TABLE_FIELD>
      <TABLE_FIELD FIELD_KEY="badnews_length"><![CDATA[76]]></TABLE_FIELD>
      <TABLE_FIELD FIELD_KEY="whois_id"><![CDATA[61]]></TABLE_FIELD>
    </TABLE_ROW>
    <TABLE_ROW ROW_ID="62">
      <TABLE_FIELD FIELD_KEY="server"><![CDATA[whois.iam.net.ma]]></TABLE_FIELD>
      <TABLE_FIELD FIELD_KEY="extension"><![CDATA[ma]]></TABLE_FIELD>
      <TABLE_FIELD FIELD_KEY="badnews_length"><![CDATA[108]]></TABLE_FIELD>
      <TABLE_FIELD FIELD_KEY="whois_id"><![CDATA[62]]></TABLE_FIELD>
    </TABLE_ROW>
    <TABLE_ROW ROW_ID="63">
      <TABLE_FIELD FIELD_KEY="server"><![CDATA[whois.nic.md]]></TABLE_FIELD>
      <TABLE_FIELD FIELD_KEY="extension"><![CDATA[md]]></TABLE_FIELD>
      <TABLE_FIELD FIELD_KEY="badnews_length"><![CDATA[14]]></TABLE_FIELD>
      <TABLE_FIELD FIELD_KEY="whois_id"><![CDATA[63]]></TABLE_FIELD>
    </TABLE_ROW>
    <TABLE_ROW ROW_ID="64">
      <TABLE_FIELD FIELD_KEY="server"><![CDATA[whois.nic.me]]></TABLE_FIELD>
      <TABLE_FIELD FIELD_KEY="extension"><![CDATA[me]]></TABLE_FIELD>
      <TABLE_FIELD FIELD_KEY="badnews_length"><![CDATA[10]]></TABLE_FIELD>
      <TABLE_FIELD FIELD_KEY="whois_id"><![CDATA[64]]></TABLE_FIELD>
    </TABLE_ROW>
    <TABLE_ROW ROW_ID="65">
      <TABLE_FIELD FIELD_KEY="server"><![CDATA[whois.dotmobiregistry.net]]></TABLE_FIELD>
      <TABLE_FIELD FIELD_KEY="extension"><![CDATA[mobi]]></TABLE_FIELD>
      <TABLE_FIELD FIELD_KEY="badnews_length"><![CDATA[10]]></TABLE_FIELD>
      <TABLE_FIELD FIELD_KEY="whois_id"><![CDATA[65]]></TABLE_FIELD>
    </TABLE_ROW>
    <TABLE_ROW ROW_ID="66">
      <TABLE_FIELD FIELD_KEY="server"><![CDATA[whois.nic.ms]]></TABLE_FIELD>
      <TABLE_FIELD FIELD_KEY="extension"><![CDATA[ms]]></TABLE_FIELD>
      <TABLE_FIELD FIELD_KEY="badnews_length"><![CDATA[885]]></TABLE_FIELD>
      <TABLE_FIELD FIELD_KEY="whois_id"><![CDATA[66]]></TABLE_FIELD>
    </TABLE_ROW>
    <TABLE_ROW ROW_ID="67">
      <TABLE_FIELD FIELD_KEY="server"><![CDATA[whois.nic.mu]]></TABLE_FIELD>
      <TABLE_FIELD FIELD_KEY="extension"><![CDATA[mu]]></TABLE_FIELD>
      <TABLE_FIELD FIELD_KEY="badnews_length"><![CDATA[1771]]></TABLE_FIELD>
      <TABLE_FIELD FIELD_KEY="whois_id"><![CDATA[67]]></TABLE_FIELD>
    </TABLE_ROW>
    <TABLE_ROW ROW_ID="68">
      <TABLE_FIELD FIELD_KEY="server"><![CDATA[whois.nic.mx]]></TABLE_FIELD>
      <TABLE_FIELD FIELD_KEY="extension"><![CDATA[mx]]></TABLE_FIELD>
      <TABLE_FIELD FIELD_KEY="badnews_length"><![CDATA[350]]></TABLE_FIELD>
      <TABLE_FIELD FIELD_KEY="whois_id"><![CDATA[68]]></TABLE_FIELD>
    </TABLE_ROW>
    <TABLE_ROW ROW_ID="69">
      <TABLE_FIELD FIELD_KEY="server"><![CDATA[whois.mynic.net.my]]></TABLE_FIELD>
      <TABLE_FIELD FIELD_KEY="extension"><![CDATA[my]]></TABLE_FIELD>
      <TABLE_FIELD FIELD_KEY="badnews_length"><![CDATA[509]]></TABLE_FIELD>
      <TABLE_FIELD FIELD_KEY="whois_id"><![CDATA[69]]></TABLE_FIELD>
    </TABLE_ROW>
    <TABLE_ROW ROW_ID="70">
      <TABLE_FIELD FIELD_KEY="server"><![CDATA[whois.nic.name]]></TABLE_FIELD>
      <TABLE_FIELD FIELD_KEY="extension"><![CDATA[name]]></TABLE_FIELD>
      <TABLE_FIELD FIELD_KEY="badnews_length"><![CDATA[1322]]></TABLE_FIELD>
      <TABLE_FIELD FIELD_KEY="whois_id"><![CDATA[70]]></TABLE_FIELD>
    </TABLE_ROW>
    <TABLE_ROW ROW_ID="71">
      <TABLE_FIELD FIELD_KEY="server"><![CDATA[whois.verisign-grs.com]]></TABLE_FIELD>
      <TABLE_FIELD FIELD_KEY="extension"><![CDATA[net]]></TABLE_FIELD>
      <TABLE_FIELD FIELD_KEY="badnews_length"><![CDATA[2451]]></TABLE_FIELD>
      <TABLE_FIELD FIELD_KEY="whois_id"><![CDATA[71]]></TABLE_FIELD>
    </TABLE_ROW>
    <TABLE_ROW ROW_ID="72">
      <TABLE_FIELD FIELD_KEY="server"><![CDATA[whois.nic.cx]]></TABLE_FIELD>
      <TABLE_FIELD FIELD_KEY="extension"><![CDATA[nf]]></TABLE_FIELD>
      <TABLE_FIELD FIELD_KEY="badnews_length"><![CDATA[1081]]></TABLE_FIELD>
      <TABLE_FIELD FIELD_KEY="whois_id"><![CDATA[72]]></TABLE_FIELD>
    </TABLE_ROW>
    <TABLE_ROW ROW_ID="73">
      <TABLE_FIELD FIELD_KEY="server"><![CDATA[whois.nic.net.ng]]></TABLE_FIELD>
      <TABLE_FIELD FIELD_KEY="extension"><![CDATA[ng]]></TABLE_FIELD>
      <TABLE_FIELD FIELD_KEY="badnews_length"><![CDATA[1024]]></TABLE_FIELD>
      <TABLE_FIELD FIELD_KEY="whois_id"><![CDATA[73]]></TABLE_FIELD>
    </TABLE_ROW>
    <TABLE_ROW ROW_ID="74">
      <TABLE_FIELD FIELD_KEY="server"><![CDATA[whois.domain-registry.nl]]></TABLE_FIELD>
      <TABLE_FIELD FIELD_KEY="extension"><![CDATA[nl]]></TABLE_FIELD>
      <TABLE_FIELD FIELD_KEY="badnews_length"><![CDATA[78]]></TABLE_FIELD>
      <TABLE_FIELD FIELD_KEY="whois_id"><![CDATA[74]]></TABLE_FIELD>
    </TABLE_ROW>
    <TABLE_ROW ROW_ID="75">
      <TABLE_FIELD FIELD_KEY="server"><![CDATA[whois.norid.no]]></TABLE_FIELD>
      <TABLE_FIELD FIELD_KEY="extension"><![CDATA[no]]></TABLE_FIELD>
      <TABLE_FIELD FIELD_KEY="badnews_length"><![CDATA[186]]></TABLE_FIELD>
      <TABLE_FIELD FIELD_KEY="whois_id"><![CDATA[75]]></TABLE_FIELD>
    </TABLE_ROW>
    <TABLE_ROW ROW_ID="76">
      <TABLE_FIELD FIELD_KEY="server"><![CDATA[whois.centralnic.com]]></TABLE_FIELD>
      <TABLE_FIELD FIELD_KEY="extension"><![CDATA[no.com]]></TABLE_FIELD>
      <TABLE_FIELD FIELD_KEY="badnews_length"><![CDATA[17]]></TABLE_FIELD>
      <TABLE_FIELD FIELD_KEY="whois_id"><![CDATA[76]]></TABLE_FIELD>
    </TABLE_ROW>
    <TABLE_ROW ROW_ID="77">
      <TABLE_FIELD FIELD_KEY="server"><![CDATA[whois.nic.nu]]></TABLE_FIELD>
      <TABLE_FIELD FIELD_KEY="extension"><![CDATA[nu]]></TABLE_FIELD>
      <TABLE_FIELD FIELD_KEY="badnews_length"><![CDATA[608]]></TABLE_FIELD>
      <TABLE_FIELD FIELD_KEY="whois_id"><![CDATA[77]]></TABLE_FIELD>
    </TABLE_ROW>
    <TABLE_ROW ROW_ID="78">
      <TABLE_FIELD FIELD_KEY="server"><![CDATA[whois.pir.org]]></TABLE_FIELD>
      <TABLE_FIELD FIELD_KEY="extension"><![CDATA[org]]></TABLE_FIELD>
      <TABLE_FIELD FIELD_KEY="badnews_length"><![CDATA[10]]></TABLE_FIELD>
      <TABLE_FIELD FIELD_KEY="whois_id"><![CDATA[78]]></TABLE_FIELD>
    </TABLE_ROW>
    <TABLE_ROW ROW_ID="79">
      <TABLE_FIELD FIELD_KEY="server"><![CDATA[whois.dns.pl]]></TABLE_FIELD>
      <TABLE_FIELD FIELD_KEY="extension"><![CDATA[pl]]></TABLE_FIELD>
      <TABLE_FIELD FIELD_KEY="badnews_length"><![CDATA[245]]></TABLE_FIELD>
      <TABLE_FIELD FIELD_KEY="whois_id"><![CDATA[79]]></TABLE_FIELD>
    </TABLE_ROW>
    <TABLE_ROW ROW_ID="80">
      <TABLE_FIELD FIELD_KEY="server"><![CDATA[whois.nic.pr]]></TABLE_FIELD>
      <TABLE_FIELD FIELD_KEY="extension"><![CDATA[pr]]></TABLE_FIELD>
      <TABLE_FIELD FIELD_KEY="badnews_length"><![CDATA[1179]]></TABLE_FIELD>
      <TABLE_FIELD FIELD_KEY="whois_id"><![CDATA[80]]></TABLE_FIELD>
    </TABLE_ROW>
    <TABLE_ROW ROW_ID="81">
      <TABLE_FIELD FIELD_KEY="server"><![CDATA[whois.registrypro.pro]]></TABLE_FIELD>
      <TABLE_FIELD FIELD_KEY="extension"><![CDATA[pro]]></TABLE_FIELD>
      <TABLE_FIELD FIELD_KEY="badnews_length"><![CDATA[10]]></TABLE_FIELD>
      <TABLE_FIELD FIELD_KEY="whois_id"><![CDATA[81]]></TABLE_FIELD>
    </TABLE_ROW>
    <TABLE_ROW ROW_ID="82">
      <TABLE_FIELD FIELD_KEY="server"><![CDATA[whois.dns.pt]]></TABLE_FIELD>
      <TABLE_FIELD FIELD_KEY="extension"><![CDATA[pt]]></TABLE_FIELD>
      <TABLE_FIELD FIELD_KEY="badnews_length"><![CDATA[9]]></TABLE_FIELD>
      <TABLE_FIELD FIELD_KEY="whois_id"><![CDATA[82]]></TABLE_FIELD>
    </TABLE_ROW>
    <TABLE_ROW ROW_ID="83">
      <TABLE_FIELD FIELD_KEY="server"><![CDATA[whois.nic.pw]]></TABLE_FIELD>
      <TABLE_FIELD FIELD_KEY="extension"><![CDATA[pw]]></TABLE_FIELD>
      <TABLE_FIELD FIELD_KEY="badnews_length"><![CDATA[17]]></TABLE_FIELD>
      <TABLE_FIELD FIELD_KEY="whois_id"><![CDATA[83]]></TABLE_FIELD>
    </TABLE_ROW>
    <TABLE_ROW ROW_ID="84">
      <TABLE_FIELD FIELD_KEY="server"><![CDATA[whois.rotld.ro]]></TABLE_FIELD>
      <TABLE_FIELD FIELD_KEY="extension"><![CDATA[ro]]></TABLE_FIELD>
      <TABLE_FIELD FIELD_KEY="badnews_length"><![CDATA[504]]></TABLE_FIELD>
      <TABLE_FIELD FIELD_KEY="whois_id"><![CDATA[84]]></TABLE_FIELD>
    </TABLE_ROW>
    <TABLE_ROW ROW_ID="85">
      <TABLE_FIELD FIELD_KEY="server"><![CDATA[whois.tcinet.ru]]></TABLE_FIELD>
      <TABLE_FIELD FIELD_KEY="extension"><![CDATA[ru]]></TABLE_FIELD>
      <TABLE_FIELD FIELD_KEY="badnews_length"><![CDATA[309]]></TABLE_FIELD>
      <TABLE_FIELD FIELD_KEY="whois_id"><![CDATA[85]]></TABLE_FIELD>
    </TABLE_ROW>
    <TABLE_ROW ROW_ID="86">
      <TABLE_FIELD FIELD_KEY="server"><![CDATA[saudinic.net.sa]]></TABLE_FIELD>
      <TABLE_FIELD FIELD_KEY="extension"><![CDATA[sa]]></TABLE_FIELD>
      <TABLE_FIELD FIELD_KEY="badnews_length"><![CDATA[121]]></TABLE_FIELD>
      <TABLE_FIELD FIELD_KEY="whois_id"><![CDATA[86]]></TABLE_FIELD>
    </TABLE_ROW>
    <TABLE_ROW ROW_ID="87">
      <TABLE_FIELD FIELD_KEY="server"><![CDATA[whois.centralnic.com]]></TABLE_FIELD>
      <TABLE_FIELD FIELD_KEY="extension"><![CDATA[sa.com]]></TABLE_FIELD>
      <TABLE_FIELD FIELD_KEY="badnews_length"><![CDATA[17]]></TABLE_FIELD>
      <TABLE_FIELD FIELD_KEY="whois_id"><![CDATA[87]]></TABLE_FIELD>
    </TABLE_ROW>
    <TABLE_ROW ROW_ID="88">
      <TABLE_FIELD FIELD_KEY="server"><![CDATA[whois2.afilias-grs.net]]></TABLE_FIELD>
      <TABLE_FIELD FIELD_KEY="extension"><![CDATA[sc]]></TABLE_FIELD>
      <TABLE_FIELD FIELD_KEY="badnews_length"><![CDATA[10]]></TABLE_FIELD>
      <TABLE_FIELD FIELD_KEY="whois_id"><![CDATA[88]]></TABLE_FIELD>
    </TABLE_ROW>
    <TABLE_ROW ROW_ID="89">
      <TABLE_FIELD FIELD_KEY="server"><![CDATA[whois.nic-se.se]]></TABLE_FIELD>
      <TABLE_FIELD FIELD_KEY="extension"><![CDATA[se]]></TABLE_FIELD>
      <TABLE_FIELD FIELD_KEY="badnews_length"><![CDATA[806]]></TABLE_FIELD>
      <TABLE_FIELD FIELD_KEY="whois_id"><![CDATA[89]]></TABLE_FIELD>
    </TABLE_ROW>
    <TABLE_ROW ROW_ID="90">
      <TABLE_FIELD FIELD_KEY="server"><![CDATA[whois.centralnic.com]]></TABLE_FIELD>
      <TABLE_FIELD FIELD_KEY="extension"><![CDATA[se.com]]></TABLE_FIELD>
      <TABLE_FIELD FIELD_KEY="badnews_length"><![CDATA[17]]></TABLE_FIELD>
      <TABLE_FIELD FIELD_KEY="whois_id"><![CDATA[90]]></TABLE_FIELD>
    </TABLE_ROW>
    <TABLE_ROW ROW_ID="91">
      <TABLE_FIELD FIELD_KEY="server"><![CDATA[whois.centralnic.com]]></TABLE_FIELD>
      <TABLE_FIELD FIELD_KEY="extension"><![CDATA[se.net]]></TABLE_FIELD>
      <TABLE_FIELD FIELD_KEY="badnews_length"><![CDATA[17]]></TABLE_FIELD>
      <TABLE_FIELD FIELD_KEY="whois_id"><![CDATA[91]]></TABLE_FIELD>
    </TABLE_ROW>
    <TABLE_ROW ROW_ID="92">
      <TABLE_FIELD FIELD_KEY="server"><![CDATA[whois.nic.net.sg]]></TABLE_FIELD>
      <TABLE_FIELD FIELD_KEY="extension"><![CDATA[sg]]></TABLE_FIELD>
      <TABLE_FIELD FIELD_KEY="badnews_length"><![CDATA[17]]></TABLE_FIELD>
      <TABLE_FIELD FIELD_KEY="whois_id"><![CDATA[92]]></TABLE_FIELD>
    </TABLE_ROW>
    <TABLE_ROW ROW_ID="93">
      <TABLE_FIELD FIELD_KEY="server"><![CDATA[whois.nic.sh]]></TABLE_FIELD>
      <TABLE_FIELD FIELD_KEY="extension"><![CDATA[sh]]></TABLE_FIELD>
      <TABLE_FIELD FIELD_KEY="badnews_length"><![CDATA[89]]></TABLE_FIELD>
      <TABLE_FIELD FIELD_KEY="whois_id"><![CDATA[93]]></TABLE_FIELD>
    </TABLE_ROW>
    <TABLE_ROW ROW_ID="94">
      <TABLE_FIELD FIELD_KEY="server"><![CDATA[whois.arnes.si]]></TABLE_FIELD>
      <TABLE_FIELD FIELD_KEY="extension"><![CDATA[si]]></TABLE_FIELD>
      <TABLE_FIELD FIELD_KEY="badnews_length"><![CDATA[1521]]></TABLE_FIELD>
      <TABLE_FIELD FIELD_KEY="whois_id"><![CDATA[94]]></TABLE_FIELD>
    </TABLE_ROW>
    <TABLE_ROW ROW_ID="95">
      <TABLE_FIELD FIELD_KEY="server"><![CDATA[whois.sk-nic.sk]]></TABLE_FIELD>
      <TABLE_FIELD FIELD_KEY="extension"><![CDATA[sk]]></TABLE_FIELD>
      <TABLE_FIELD FIELD_KEY="badnews_length"><![CDATA[63]]></TABLE_FIELD>
      <TABLE_FIELD FIELD_KEY="whois_id"><![CDATA[95]]></TABLE_FIELD>
    </TABLE_ROW>
    <TABLE_ROW ROW_ID="96">
      <TABLE_FIELD FIELD_KEY="server"><![CDATA[whois.nic.sm]]></TABLE_FIELD>
      <TABLE_FIELD FIELD_KEY="extension"><![CDATA[sm]]></TABLE_FIELD>
      <TABLE_FIELD FIELD_KEY="badnews_length"><![CDATA[18]]></TABLE_FIELD>
      <TABLE_FIELD FIELD_KEY="whois_id"><![CDATA[96]]></TABLE_FIELD>
    </TABLE_ROW>
    <TABLE_ROW ROW_ID="97">
      <TABLE_FIELD FIELD_KEY="server"><![CDATA[whois.nic.st]]></TABLE_FIELD>
      <TABLE_FIELD FIELD_KEY="extension"><![CDATA[st]]></TABLE_FIELD>
      <TABLE_FIELD FIELD_KEY="badnews_length"><![CDATA[29]]></TABLE_FIELD>
      <TABLE_FIELD FIELD_KEY="whois_id"><![CDATA[97]]></TABLE_FIELD>
    </TABLE_ROW>
    <TABLE_ROW ROW_ID="98">
      <TABLE_FIELD FIELD_KEY="server"><![CDATA[whois.nic.so]]></TABLE_FIELD>
      <TABLE_FIELD FIELD_KEY="extension"><![CDATA[so]]></TABLE_FIELD>
      <TABLE_FIELD FIELD_KEY="badnews_length"><![CDATA[12]]></TABLE_FIELD>
      <TABLE_FIELD FIELD_KEY="whois_id"><![CDATA[98]]></TABLE_FIELD>
    </TABLE_ROW>
    <TABLE_ROW ROW_ID="99">
      <TABLE_FIELD FIELD_KEY="server"><![CDATA[whois.tcinet.ru]]></TABLE_FIELD>
      <TABLE_FIELD FIELD_KEY="extension"><![CDATA[su]]></TABLE_FIELD>
      <TABLE_FIELD FIELD_KEY="badnews_length"><![CDATA[309]]></TABLE_FIELD>
      <TABLE_FIELD FIELD_KEY="whois_id"><![CDATA[99]]></TABLE_FIELD>
    </TABLE_ROW>
    <TABLE_ROW ROW_ID="100">
      <TABLE_FIELD FIELD_KEY="server"><![CDATA[whois.adamsnames.tc]]></TABLE_FIELD>
      <TABLE_FIELD FIELD_KEY="extension"><![CDATA[tc]]></TABLE_FIELD>
      <TABLE_FIELD FIELD_KEY="badnews_length"><![CDATA[926]]></TABLE_FIELD>
      <TABLE_FIELD FIELD_KEY="whois_id"><![CDATA[100]]></TABLE_FIELD>
    </TABLE_ROW>
    <TABLE_ROW ROW_ID="101">
      <TABLE_FIELD FIELD_KEY="server"><![CDATA[whois.nic.tel]]></TABLE_FIELD>
      <TABLE_FIELD FIELD_KEY="extension"><![CDATA[tel]]></TABLE_FIELD>
      <TABLE_FIELD FIELD_KEY="badnews_length"><![CDATA[3318]]></TABLE_FIELD>
      <TABLE_FIELD FIELD_KEY="whois_id"><![CDATA[101]]></TABLE_FIELD>
    </TABLE_ROW>
    <TABLE_ROW ROW_ID="102">
      <TABLE_FIELD FIELD_KEY="server"><![CDATA[whois.nic.tf]]></TABLE_FIELD>
      <TABLE_FIELD FIELD_KEY="extension"><![CDATA[tf]]></TABLE_FIELD>
      <TABLE_FIELD FIELD_KEY="badnews_length"><![CDATA[471]]></TABLE_FIELD>
      <TABLE_FIELD FIELD_KEY="whois_id"><![CDATA[102]]></TABLE_FIELD>
    </TABLE_ROW>
    <TABLE_ROW ROW_ID="103">
      <TABLE_FIELD FIELD_KEY="server"><![CDATA[whois.nic.tk]]></TABLE_FIELD>
      <TABLE_FIELD FIELD_KEY="extension"><![CDATA[tk]]></TABLE_FIELD>
      <TABLE_FIELD FIELD_KEY="badnews_length"><![CDATA[65]]></TABLE_FIELD>
      <TABLE_FIELD FIELD_KEY="whois_id"><![CDATA[103]]></TABLE_FIELD>
    </TABLE_ROW>
    <TABLE_ROW ROW_ID="104">
      <TABLE_FIELD FIELD_KEY="server"><![CDATA[whois.nic.tm]]></TABLE_FIELD>
      <TABLE_FIELD FIELD_KEY="extension"><![CDATA[tm]]></TABLE_FIELD>
      <TABLE_FIELD FIELD_KEY="badnews_length"><![CDATA[89]]></TABLE_FIELD>
      <TABLE_FIELD FIELD_KEY="whois_id"><![CDATA[104]]></TABLE_FIELD>
    </TABLE_ROW>
    <TABLE_ROW ROW_ID="105">
      <TABLE_FIELD FIELD_KEY="server"><![CDATA[whois.ati.tn]]></TABLE_FIELD>
      <TABLE_FIELD FIELD_KEY="extension"><![CDATA[tn]]></TABLE_FIELD>
      <TABLE_FIELD FIELD_KEY="badnews_length"><![CDATA[94]]></TABLE_FIELD>
      <TABLE_FIELD FIELD_KEY="whois_id"><![CDATA[105]]></TABLE_FIELD>
    </TABLE_ROW>
    <TABLE_ROW ROW_ID="106">
      <TABLE_FIELD FIELD_KEY="server"><![CDATA[whois.tonic.to]]></TABLE_FIELD>
      <TABLE_FIELD FIELD_KEY="extension"><![CDATA[to]]></TABLE_FIELD>
      <TABLE_FIELD FIELD_KEY="badnews_length"><![CDATA[60]]></TABLE_FIELD>
      <TABLE_FIELD FIELD_KEY="whois_id"><![CDATA[106]]></TABLE_FIELD>
    </TABLE_ROW>
    <TABLE_ROW ROW_ID="107">
      <TABLE_FIELD FIELD_KEY="server"><![CDATA[whois.nic.travel]]></TABLE_FIELD>
      <TABLE_FIELD FIELD_KEY="extension"><![CDATA[travel]]></TABLE_FIELD>
      <TABLE_FIELD FIELD_KEY="badnews_length"><![CDATA[1560]]></TABLE_FIELD>
      <TABLE_FIELD FIELD_KEY="whois_id"><![CDATA[107]]></TABLE_FIELD>
    </TABLE_ROW>
    <TABLE_ROW ROW_ID="108">
      <TABLE_FIELD FIELD_KEY="server"><![CDATA[whois.twnic.net.tw]]></TABLE_FIELD>
      <TABLE_FIELD FIELD_KEY="extension"><![CDATA[tw]]></TABLE_FIELD>
      <TABLE_FIELD FIELD_KEY="badnews_length"><![CDATA[9]]></TABLE_FIELD>
      <TABLE_FIELD FIELD_KEY="whois_id"><![CDATA[108]]></TABLE_FIELD>
    </TABLE_ROW>
    <TABLE_ROW ROW_ID="109">
      <TABLE_FIELD FIELD_KEY="server"><![CDATA[whois.nic.tv]]></TABLE_FIELD>
      <TABLE_FIELD FIELD_KEY="extension"><![CDATA[tv]]></TABLE_FIELD>
      <TABLE_FIELD FIELD_KEY="badnews_length"><![CDATA[2414]]></TABLE_FIELD>
      <TABLE_FIELD FIELD_KEY="whois_id"><![CDATA[109]]></TABLE_FIELD>
    </TABLE_ROW>
    <TABLE_ROW ROW_ID="110">
      <TABLE_FIELD FIELD_KEY="server"><![CDATA[whois.ua]]></TABLE_FIELD>
      <TABLE_FIELD FIELD_KEY="extension"><![CDATA[ua]]></TABLE_FIELD>
      <TABLE_FIELD FIELD_KEY="badnews_length"><![CDATA[180]]></TABLE_FIELD>
      <TABLE_FIELD FIELD_KEY="whois_id"><![CDATA[110]]></TABLE_FIELD>
    </TABLE_ROW>
    <TABLE_ROW ROW_ID="111">
      <TABLE_FIELD FIELD_KEY="server"><![CDATA[whois.centralnic.com]]></TABLE_FIELD>
      <TABLE_FIELD FIELD_KEY="extension"><![CDATA[uk.com]]></TABLE_FIELD>
      <TABLE_FIELD FIELD_KEY="badnews_length"><![CDATA[17]]></TABLE_FIELD>
      <TABLE_FIELD FIELD_KEY="whois_id"><![CDATA[111]]></TABLE_FIELD>
    </TABLE_ROW>
    <TABLE_ROW ROW_ID="112">
      <TABLE_FIELD FIELD_KEY="server"><![CDATA[whois.centralnic.com]]></TABLE_FIELD>
      <TABLE_FIELD FIELD_KEY="extension"><![CDATA[uk.net]]></TABLE_FIELD>
      <TABLE_FIELD FIELD_KEY="badnews_length"><![CDATA[17]]></TABLE_FIELD>
      <TABLE_FIELD FIELD_KEY="whois_id"><![CDATA[112]]></TABLE_FIELD>
    </TABLE_ROW>
    <TABLE_ROW ROW_ID="113">
      <TABLE_FIELD FIELD_KEY="server"><![CDATA[whois.nic.us]]></TABLE_FIELD>
      <TABLE_FIELD FIELD_KEY="extension"><![CDATA[us]]></TABLE_FIELD>
      <TABLE_FIELD FIELD_KEY="badnews_length"><![CDATA[1675]]></TABLE_FIELD>
      <TABLE_FIELD FIELD_KEY="whois_id"><![CDATA[113]]></TABLE_FIELD>
    </TABLE_ROW>
    <TABLE_ROW ROW_ID="114">
      <TABLE_FIELD FIELD_KEY="server"><![CDATA[whois.centralnic.com]]></TABLE_FIELD>
      <TABLE_FIELD FIELD_KEY="extension"><![CDATA[us.com]]></TABLE_FIELD>
      <TABLE_FIELD FIELD_KEY="badnews_length"><![CDATA[17]]></TABLE_FIELD>
      <TABLE_FIELD FIELD_KEY="whois_id"><![CDATA[114]]></TABLE_FIELD>
    </TABLE_ROW>
    <TABLE_ROW ROW_ID="115">
      <TABLE_FIELD FIELD_KEY="server"><![CDATA[nic.uy]]></TABLE_FIELD>
      <TABLE_FIELD FIELD_KEY="extension"><![CDATA[uy]]></TABLE_FIELD>
      <TABLE_FIELD FIELD_KEY="badnews_length"><![CDATA[458]]></TABLE_FIELD>
      <TABLE_FIELD FIELD_KEY="whois_id"><![CDATA[115]]></TABLE_FIELD>
    </TABLE_ROW>
    <TABLE_ROW ROW_ID="116">
      <TABLE_FIELD FIELD_KEY="server"><![CDATA[whois.centralnic.com]]></TABLE_FIELD>
      <TABLE_FIELD FIELD_KEY="extension"><![CDATA[uy.com]]></TABLE_FIELD>
      <TABLE_FIELD FIELD_KEY="badnews_length"><![CDATA[17]]></TABLE_FIELD>
      <TABLE_FIELD FIELD_KEY="whois_id"><![CDATA[116]]></TABLE_FIELD>
    </TABLE_ROW>
    <TABLE_ROW ROW_ID="117">
      <TABLE_FIELD FIELD_KEY="server"><![CDATA[whois.cctld.uz]]></TABLE_FIELD>
      <TABLE_FIELD FIELD_KEY="extension"><![CDATA[uz]]></TABLE_FIELD>
      <TABLE_FIELD FIELD_KEY="badnews_length"><![CDATA[306]]></TABLE_FIELD>
      <TABLE_FIELD FIELD_KEY="whois_id"><![CDATA[117]]></TABLE_FIELD>
    </TABLE_ROW>
    <TABLE_ROW ROW_ID="118">
      <TABLE_FIELD FIELD_KEY="server"><![CDATA[whois2.afilias-grs.net]]></TABLE_FIELD>
      <TABLE_FIELD FIELD_KEY="extension"><![CDATA[vc]]></TABLE_FIELD>
      <TABLE_FIELD FIELD_KEY="badnews_length"><![CDATA[10]]></TABLE_FIELD>
      <TABLE_FIELD FIELD_KEY="whois_id"><![CDATA[118]]></TABLE_FIELD>
    </TABLE_ROW>
    <TABLE_ROW ROW_ID="119">
      <TABLE_FIELD FIELD_KEY="server"><![CDATA[whois.adamsnames.tc]]></TABLE_FIELD>
      <TABLE_FIELD FIELD_KEY="extension"><![CDATA[vg]]></TABLE_FIELD>
      <TABLE_FIELD FIELD_KEY="badnews_length"><![CDATA[926]]></TABLE_FIELD>
      <TABLE_FIELD FIELD_KEY="whois_id"><![CDATA[119]]></TABLE_FIELD>
    </TABLE_ROW>
    <TABLE_ROW ROW_ID="120">
      <TABLE_FIELD FIELD_KEY="server"><![CDATA[whois.website.ws]]></TABLE_FIELD>
      <TABLE_FIELD FIELD_KEY="extension"><![CDATA[ws]]></TABLE_FIELD>
      <TABLE_FIELD FIELD_KEY="badnews_length"><![CDATA[199]]></TABLE_FIELD>
      <TABLE_FIELD FIELD_KEY="whois_id"><![CDATA[120]]></TABLE_FIELD>
    </TABLE_ROW>
    <TABLE_ROW ROW_ID="121">
      <TABLE_FIELD FIELD_KEY="server"><![CDATA[whois.nic.xxx]]></TABLE_FIELD>
      <TABLE_FIELD FIELD_KEY="extension"><![CDATA[xxx]]></TABLE_FIELD>
      <TABLE_FIELD FIELD_KEY="badnews_length"><![CDATA[10]]></TABLE_FIELD>
      <TABLE_FIELD FIELD_KEY="whois_id"><![CDATA[121]]></TABLE_FIELD>
    </TABLE_ROW>
    <TABLE_ROW ROW_ID="122">
      <TABLE_FIELD FIELD_KEY="extension"><![CDATA[za.com]]></TABLE_FIELD>
      <TABLE_FIELD FIELD_KEY="whois_id"><![CDATA[122]]></TABLE_FIELD>
      <TABLE_FIELD FIELD_KEY="server"><![CDATA[whois.centralnic.com]]></TABLE_FIELD>
      <TABLE_FIELD FIELD_KEY="badnews_length"><![CDATA[17]]></TABLE_FIELD>
    </TABLE_ROW>
  </RECORDS>
  <TABLE_SETTINGS>
    <DATA_TYPES extension="INPUTTEXT, UNIQUE" server="INPUTTEXT" badnews_length="INPUTTEXT" whois_id="INPUTTEXT"/>
    <FOREIGN_KEYS/>
    <RELATIVES/>
  </TABLE_SETTINGS>
</DOCUMENT_ELEMENT>
