<?xml version="1.0" encoding="utf-8"?>
<DOCUMENT_ELEMENT table_name="page" creation_time="1509968934" table_version="0.09" module_version="1.00" table_class="Ayoola_Page_Page" creation_ip="2130706433">
  <RECORDS autoId="29">
    <TABLE_ROW ROW_ID="3">
      <TABLE_FIELD FIELD_KEY="layout_name"><![CDATA[freeLayout]]></TABLE_FIELD>
      <TABLE_FIELD FIELD_KEY="url"><![CDATA[/tools/classplayer]]></TABLE_FIELD>
      <TABLE_FIELD FIELD_KEY="title"><![CDATA[]]></TABLE_FIELD>
      <TABLE_FIELD FIELD_KEY="description"><![CDATA[]]></TABLE_FIELD>
      <TABLE_FIELD FIELD_KEY="keywords"><![CDATA[]]></TABLE_FIELD>
      <TABLE_FIELD FIELD_KEY="auth_level"><![CDATA[i:0;]]></TABLE_FIELD>
      <TABLE_FIELD FIELD_KEY="enabled"><![CDATA[0]]></TABLE_FIELD>
      <TABLE_FIELD FIELD_KEY="creation_date"><![CDATA[0]]></TABLE_FIELD>
      <TABLE_FIELD FIELD_KEY="modified_date"><![CDATA[0]]></TABLE_FIELD>
      <TABLE_FIELD FIELD_KEY="page_id"><![CDATA[100]]></TABLE_FIELD>
      <TABLE_FIELD FIELD_KEY="page_options"><![CDATA[N;]]></TABLE_FIELD>
      <TABLE_FIELD FIELD_KEY="redirect_url"><![CDATA[]]></TABLE_FIELD>
      <TABLE_FIELD FIELD_KEY="system"><![CDATA[0]]></TABLE_FIELD>
      <TABLE_FIELD FIELD_KEY="cover_photo"><![CDATA[]]></TABLE_FIELD>
    </TABLE_ROW>
    <TABLE_ROW ROW_ID="6">
      <TABLE_FIELD FIELD_KEY="page_id"><![CDATA[13]]></TABLE_FIELD>
      <TABLE_FIELD FIELD_KEY="url"><![CDATA[/404]]></TABLE_FIELD>
      <TABLE_FIELD FIELD_KEY="creation_date"><![CDATA[2011]]></TABLE_FIELD>
      <TABLE_FIELD FIELD_KEY="auth_level"><![CDATA[i:0;]]></TABLE_FIELD>
      <TABLE_FIELD FIELD_KEY="enabled"><![CDATA[1]]></TABLE_FIELD>
      <TABLE_FIELD FIELD_KEY="modified_date"><![CDATA[2012]]></TABLE_FIELD>
      <TABLE_FIELD FIELD_KEY="title"><![CDATA[Page Not Found]]></TABLE_FIELD>
      <TABLE_FIELD FIELD_KEY="description"><![CDATA[The requested page does not exist. Please check the URL and try again.]]></TABLE_FIELD>
      <TABLE_FIELD FIELD_KEY="keywords"><![CDATA[]]></TABLE_FIELD>
      <TABLE_FIELD FIELD_KEY="layout_name"><![CDATA[]]></TABLE_FIELD>
      <TABLE_FIELD FIELD_KEY="page_options"><![CDATA[N;]]></TABLE_FIELD>
      <TABLE_FIELD FIELD_KEY="redirect_url"><![CDATA[]]></TABLE_FIELD>
      <TABLE_FIELD FIELD_KEY="system"><![CDATA[0]]></TABLE_FIELD>
      <TABLE_FIELD FIELD_KEY="cover_photo"><![CDATA[]]></TABLE_FIELD>
    </TABLE_ROW>
    <TABLE_ROW ROW_ID="7">
      <TABLE_FIELD FIELD_KEY="page_id"><![CDATA[10]]></TABLE_FIELD>
      <TABLE_FIELD FIELD_KEY="url"><![CDATA[/accounts/signin]]></TABLE_FIELD>
      <TABLE_FIELD FIELD_KEY="creation_date"><![CDATA[2011]]></TABLE_FIELD>
      <TABLE_FIELD FIELD_KEY="modified_date"><![CDATA[0]]></TABLE_FIELD>
      <TABLE_FIELD FIELD_KEY="enabled"><![CDATA[1]]></TABLE_FIELD>
      <TABLE_FIELD FIELD_KEY="keywords"><![CDATA[signin]]></TABLE_FIELD>
      <TABLE_FIELD FIELD_KEY="system"><![CDATA[0]]></TABLE_FIELD>
      <TABLE_FIELD FIELD_KEY="title"><![CDATA[Sign in]]></TABLE_FIELD>
      <TABLE_FIELD FIELD_KEY="description"><![CDATA[Sign in with your existing account.]]></TABLE_FIELD>
      <TABLE_FIELD FIELD_KEY="page_options"><![CDATA[a:1:{i:0;s:8:&quot;redirect&quot;;}]]></TABLE_FIELD>
      <TABLE_FIELD FIELD_KEY="auth_level"><![CDATA[a:1:{i:0;s:1:&quot;0&quot;;}]]></TABLE_FIELD>
      <TABLE_FIELD FIELD_KEY="redirect_url"><![CDATA[/account/signin]]></TABLE_FIELD>
      <TABLE_FIELD FIELD_KEY="layout_name"><![CDATA[]]></TABLE_FIELD>
      <TABLE_FIELD FIELD_KEY="cover_photo"><![CDATA[]]></TABLE_FIELD>
    </TABLE_ROW>
    <TABLE_ROW ROW_ID="8">
      <TABLE_FIELD FIELD_KEY="page_id"><![CDATA[9]]></TABLE_FIELD>
      <TABLE_FIELD FIELD_KEY="url"><![CDATA[/accounts/signout]]></TABLE_FIELD>
      <TABLE_FIELD FIELD_KEY="creation_date"><![CDATA[2011]]></TABLE_FIELD>
      <TABLE_FIELD FIELD_KEY="modified_date"><![CDATA[0]]></TABLE_FIELD>
      <TABLE_FIELD FIELD_KEY="title"><![CDATA[Signing out...]]></TABLE_FIELD>
      <TABLE_FIELD FIELD_KEY="description"><![CDATA[Signing out...]]></TABLE_FIELD>
      <TABLE_FIELD FIELD_KEY="keywords"><![CDATA[Signing out]]></TABLE_FIELD>
      <TABLE_FIELD FIELD_KEY="auth_level"><![CDATA[i:0;]]></TABLE_FIELD>
      <TABLE_FIELD FIELD_KEY="enabled"><![CDATA[1]]></TABLE_FIELD>
      <TABLE_FIELD FIELD_KEY="layout_name"><![CDATA[]]></TABLE_FIELD>
      <TABLE_FIELD FIELD_KEY="page_options"><![CDATA[N;]]></TABLE_FIELD>
      <TABLE_FIELD FIELD_KEY="redirect_url"><![CDATA[]]></TABLE_FIELD>
      <TABLE_FIELD FIELD_KEY="system"><![CDATA[0]]></TABLE_FIELD>
      <TABLE_FIELD FIELD_KEY="cover_photo"><![CDATA[]]></TABLE_FIELD>
    </TABLE_ROW>
    <TABLE_ROW ROW_ID="9">
      <TABLE_FIELD FIELD_KEY="page_id"><![CDATA[8]]></TABLE_FIELD>
      <TABLE_FIELD FIELD_KEY="url"><![CDATA[/accounts/signup]]></TABLE_FIELD>
      <TABLE_FIELD FIELD_KEY="creation_date"><![CDATA[2011]]></TABLE_FIELD>
      <TABLE_FIELD FIELD_KEY="modified_date"><![CDATA[0]]></TABLE_FIELD>
      <TABLE_FIELD FIELD_KEY="title"><![CDATA[New Account Signup]]></TABLE_FIELD>
      <TABLE_FIELD FIELD_KEY="description"><![CDATA[Create a new account to enjoy all the our services.]]></TABLE_FIELD>
      <TABLE_FIELD FIELD_KEY="keywords"><![CDATA[signup]]></TABLE_FIELD>
      <TABLE_FIELD FIELD_KEY="auth_level"><![CDATA[i:0;]]></TABLE_FIELD>
      <TABLE_FIELD FIELD_KEY="enabled"><![CDATA[1]]></TABLE_FIELD>
      <TABLE_FIELD FIELD_KEY="layout_name"><![CDATA[]]></TABLE_FIELD>
      <TABLE_FIELD FIELD_KEY="page_options"><![CDATA[N;]]></TABLE_FIELD>
      <TABLE_FIELD FIELD_KEY="redirect_url"><![CDATA[]]></TABLE_FIELD>
      <TABLE_FIELD FIELD_KEY="system"><![CDATA[0]]></TABLE_FIELD>
      <TABLE_FIELD FIELD_KEY="cover_photo"><![CDATA[]]></TABLE_FIELD>
    </TABLE_ROW>
    <TABLE_ROW ROW_ID="10">
      <TABLE_FIELD FIELD_KEY="page_id"><![CDATA[3]]></TABLE_FIELD>
      <TABLE_FIELD FIELD_KEY="url"><![CDATA[/search]]></TABLE_FIELD>
      <TABLE_FIELD FIELD_KEY="creation_date"><![CDATA[2011]]></TABLE_FIELD>
      <TABLE_FIELD FIELD_KEY="modified_date"><![CDATA[0]]></TABLE_FIELD>
      <TABLE_FIELD FIELD_KEY="title"><![CDATA[Search]]></TABLE_FIELD>
      <TABLE_FIELD FIELD_KEY="description"><![CDATA[Search application-specific keywords.]]></TABLE_FIELD>
      <TABLE_FIELD FIELD_KEY="keywords"><![CDATA[search]]></TABLE_FIELD>
      <TABLE_FIELD FIELD_KEY="layout_name"><![CDATA[]]></TABLE_FIELD>
      <TABLE_FIELD FIELD_KEY="auth_level"><![CDATA[i:0;]]></TABLE_FIELD>
      <TABLE_FIELD FIELD_KEY="enabled"><![CDATA[1]]></TABLE_FIELD>
      <TABLE_FIELD FIELD_KEY="page_options"><![CDATA[N;]]></TABLE_FIELD>
      <TABLE_FIELD FIELD_KEY="redirect_url"><![CDATA[]]></TABLE_FIELD>
      <TABLE_FIELD FIELD_KEY="system"><![CDATA[0]]></TABLE_FIELD>
      <TABLE_FIELD FIELD_KEY="cover_photo"><![CDATA[]]></TABLE_FIELD>
    </TABLE_ROW>
    <TABLE_ROW ROW_ID="12">
      <TABLE_FIELD FIELD_KEY="layout_name"><![CDATA[]]></TABLE_FIELD>
      <TABLE_FIELD FIELD_KEY="url"><![CDATA[/account]]></TABLE_FIELD>
      <TABLE_FIELD FIELD_KEY="creation_date"><![CDATA[0]]></TABLE_FIELD>
      <TABLE_FIELD FIELD_KEY="modified_date"><![CDATA[0]]></TABLE_FIELD>
      <TABLE_FIELD FIELD_KEY="page_id"><![CDATA[30]]></TABLE_FIELD>
      <TABLE_FIELD FIELD_KEY="title"><![CDATA[My Account]]></TABLE_FIELD>
      <TABLE_FIELD FIELD_KEY="description"><![CDATA[View and Manage your account details.]]></TABLE_FIELD>
      <TABLE_FIELD FIELD_KEY="keywords"><![CDATA[]]></TABLE_FIELD>
      <TABLE_FIELD FIELD_KEY="auth_level"><![CDATA[i:1;]]></TABLE_FIELD>
      <TABLE_FIELD FIELD_KEY="enabled"><![CDATA[1]]></TABLE_FIELD>
      <TABLE_FIELD FIELD_KEY="page_options"><![CDATA[N;]]></TABLE_FIELD>
      <TABLE_FIELD FIELD_KEY="redirect_url"><![CDATA[]]></TABLE_FIELD>
      <TABLE_FIELD FIELD_KEY="system"><![CDATA[0]]></TABLE_FIELD>
      <TABLE_FIELD FIELD_KEY="cover_photo"><![CDATA[]]></TABLE_FIELD>
    </TABLE_ROW>
    <TABLE_ROW ROW_ID="13">
      <TABLE_FIELD FIELD_KEY="url"><![CDATA[/]]></TABLE_FIELD>
      <TABLE_FIELD FIELD_KEY="enabled"><![CDATA[1]]></TABLE_FIELD>
      <TABLE_FIELD FIELD_KEY="creation_date"><![CDATA[0]]></TABLE_FIELD>
      <TABLE_FIELD FIELD_KEY="modified_date"><![CDATA[0]]></TABLE_FIELD>
      <TABLE_FIELD FIELD_KEY="page_id"><![CDATA[41]]></TABLE_FIELD>
      <TABLE_FIELD FIELD_KEY="keywords"><![CDATA[]]></TABLE_FIELD>
      <TABLE_FIELD FIELD_KEY="redirect_url"><![CDATA[]]></TABLE_FIELD>
      <TABLE_FIELD FIELD_KEY="title"><![CDATA[]]></TABLE_FIELD>
      <TABLE_FIELD FIELD_KEY="description"><![CDATA[]]></TABLE_FIELD>
      <TABLE_FIELD FIELD_KEY="page_options"><![CDATA[b:0;]]></TABLE_FIELD>
      <TABLE_FIELD FIELD_KEY="auth_level"><![CDATA[a:1:{i:0;s:1:&quot;0&quot;;}]]></TABLE_FIELD>
      <TABLE_FIELD FIELD_KEY="layout_name"><![CDATA[]]></TABLE_FIELD>
      <TABLE_FIELD FIELD_KEY="system"><![CDATA[0]]></TABLE_FIELD>
      <TABLE_FIELD FIELD_KEY="cover_photo"><![CDATA[]]></TABLE_FIELD>
    </TABLE_ROW>
    <TABLE_ROW ROW_ID="15">
      <TABLE_FIELD FIELD_KEY="url"><![CDATA[/personalize]]></TABLE_FIELD>
      <TABLE_FIELD FIELD_KEY="title"><![CDATA[Personalize your website]]></TABLE_FIELD>
      <TABLE_FIELD FIELD_KEY="description"><![CDATA[]]></TABLE_FIELD>
      <TABLE_FIELD FIELD_KEY="keywords"><![CDATA[]]></TABLE_FIELD>
      <TABLE_FIELD FIELD_KEY="auth_level"><![CDATA[i:0;]]></TABLE_FIELD>
      <TABLE_FIELD FIELD_KEY="page_options"><![CDATA[b:0;]]></TABLE_FIELD>
      <TABLE_FIELD FIELD_KEY="layout_name"><![CDATA[]]></TABLE_FIELD>
      <TABLE_FIELD FIELD_KEY="enabled"><![CDATA[0]]></TABLE_FIELD>
      <TABLE_FIELD FIELD_KEY="creation_date"><![CDATA[0]]></TABLE_FIELD>
      <TABLE_FIELD FIELD_KEY="modified_date"><![CDATA[0]]></TABLE_FIELD>
      <TABLE_FIELD FIELD_KEY="page_id"><![CDATA[1077-0-25]]></TABLE_FIELD>
      <TABLE_FIELD FIELD_KEY="redirect_url"><![CDATA[]]></TABLE_FIELD>
      <TABLE_FIELD FIELD_KEY="system"><![CDATA[0]]></TABLE_FIELD>
      <TABLE_FIELD FIELD_KEY="cover_photo"><![CDATA[]]></TABLE_FIELD>
    </TABLE_ROW>
    <TABLE_ROW ROW_ID="16">
      <TABLE_FIELD FIELD_KEY="url"><![CDATA[/object]]></TABLE_FIELD>
      <TABLE_FIELD FIELD_KEY="title"><![CDATA[]]></TABLE_FIELD>
      <TABLE_FIELD FIELD_KEY="description"><![CDATA[]]></TABLE_FIELD>
      <TABLE_FIELD FIELD_KEY="page_options"><![CDATA[a:1:{i:0;s:6:&quot;module&quot;;}]]></TABLE_FIELD>
      <TABLE_FIELD FIELD_KEY="auth_level"><![CDATA[a:5:{i:0;s:1:&quot;4&quot;;i:1;s:1:&quot;3&quot;;i:2;s:1:&quot;0&quot;;i:3;s:1:&quot;1&quot;;i:4;s:2:&quot;99&quot;;}]]></TABLE_FIELD>
      <TABLE_FIELD FIELD_KEY="keywords"><![CDATA[]]></TABLE_FIELD>
      <TABLE_FIELD FIELD_KEY="layout_name"><![CDATA[]]></TABLE_FIELD>
      <TABLE_FIELD FIELD_KEY="enabled"><![CDATA[0]]></TABLE_FIELD>
      <TABLE_FIELD FIELD_KEY="creation_date"><![CDATA[0]]></TABLE_FIELD>
      <TABLE_FIELD FIELD_KEY="modified_date"><![CDATA[0]]></TABLE_FIELD>
      <TABLE_FIELD FIELD_KEY="page_id"><![CDATA[1077-0-70]]></TABLE_FIELD>
      <TABLE_FIELD FIELD_KEY="redirect_url"><![CDATA[]]></TABLE_FIELD>
      <TABLE_FIELD FIELD_KEY="system"><![CDATA[0]]></TABLE_FIELD>
      <TABLE_FIELD FIELD_KEY="cover_photo"><![CDATA[]]></TABLE_FIELD>
    </TABLE_ROW>
    <TABLE_ROW ROW_ID="17">
      <TABLE_FIELD FIELD_KEY="url"><![CDATA[/post/view]]></TABLE_FIELD>
      <TABLE_FIELD FIELD_KEY="keywords"><![CDATA[]]></TABLE_FIELD>
      <TABLE_FIELD FIELD_KEY="enabled"><![CDATA[0]]></TABLE_FIELD>
      <TABLE_FIELD FIELD_KEY="creation_date"><![CDATA[0]]></TABLE_FIELD>
      <TABLE_FIELD FIELD_KEY="modified_date"><![CDATA[0]]></TABLE_FIELD>
      <TABLE_FIELD FIELD_KEY="page_id"><![CDATA[1077-0-71]]></TABLE_FIELD>
      <TABLE_FIELD FIELD_KEY="title"><![CDATA[]]></TABLE_FIELD>
      <TABLE_FIELD FIELD_KEY="description"><![CDATA[]]></TABLE_FIELD>
      <TABLE_FIELD FIELD_KEY="page_options"><![CDATA[a:1:{i:0;s:6:&quot;module&quot;;}]]></TABLE_FIELD>
      <TABLE_FIELD FIELD_KEY="auth_level"><![CDATA[a:5:{i:0;s:1:&quot;4&quot;;i:1;s:1:&quot;3&quot;;i:2;s:1:&quot;0&quot;;i:3;s:1:&quot;1&quot;;i:4;s:2:&quot;99&quot;;}]]></TABLE_FIELD>
      <TABLE_FIELD FIELD_KEY="layout_name"><![CDATA[]]></TABLE_FIELD>
      <TABLE_FIELD FIELD_KEY="redirect_url"><![CDATA[]]></TABLE_FIELD>
      <TABLE_FIELD FIELD_KEY="system"><![CDATA[0]]></TABLE_FIELD>
      <TABLE_FIELD FIELD_KEY="cover_photo"><![CDATA[]]></TABLE_FIELD>
    </TABLE_ROW>
    <TABLE_ROW ROW_ID="18">
      <TABLE_FIELD FIELD_KEY="url"><![CDATA[/pc-admin]]></TABLE_FIELD>
      <TABLE_FIELD FIELD_KEY="keywords"><![CDATA[]]></TABLE_FIELD>
      <TABLE_FIELD FIELD_KEY="enabled"><![CDATA[0]]></TABLE_FIELD>
      <TABLE_FIELD FIELD_KEY="creation_date"><![CDATA[0]]></TABLE_FIELD>
      <TABLE_FIELD FIELD_KEY="modified_date"><![CDATA[0]]></TABLE_FIELD>
      <TABLE_FIELD FIELD_KEY="page_id"><![CDATA[1496-0-73]]></TABLE_FIELD>
      <TABLE_FIELD FIELD_KEY="redirect_url"><![CDATA[]]></TABLE_FIELD>
      <TABLE_FIELD FIELD_KEY="title"><![CDATA[PageCarton Admin Panel]]></TABLE_FIELD>
      <TABLE_FIELD FIELD_KEY="description"><![CDATA[]]></TABLE_FIELD>
      <TABLE_FIELD FIELD_KEY="page_options"><![CDATA[a:2:{i:0;s:8:&quot;template&quot;;i:1;s:6:&quot;module&quot;;}]]></TABLE_FIELD>
      <TABLE_FIELD FIELD_KEY="auth_level"><![CDATA[a:1:{i:0;s:2:&quot;99&quot;;}]]></TABLE_FIELD>
      <TABLE_FIELD FIELD_KEY="layout_name"><![CDATA[novus]]></TABLE_FIELD>
      <TABLE_FIELD FIELD_KEY="system"><![CDATA[0]]></TABLE_FIELD>
      <TABLE_FIELD FIELD_KEY="cover_photo"><![CDATA[]]></TABLE_FIELD>
    </TABLE_ROW>
    <TABLE_ROW ROW_ID="19">
      <TABLE_FIELD FIELD_KEY="url"><![CDATA[/layout/novus/template]]></TABLE_FIELD>
      <TABLE_FIELD FIELD_KEY="title"><![CDATA[]]></TABLE_FIELD>
      <TABLE_FIELD FIELD_KEY="description"><![CDATA[]]></TABLE_FIELD>
      <TABLE_FIELD FIELD_KEY="page_options"><![CDATA[b:0;]]></TABLE_FIELD>
      <TABLE_FIELD FIELD_KEY="auth_level"><![CDATA[a:1:{i:0;i:99;}]]></TABLE_FIELD>
      <TABLE_FIELD FIELD_KEY="redirect_url"><![CDATA[]]></TABLE_FIELD>
      <TABLE_FIELD FIELD_KEY="keywords"><![CDATA[]]></TABLE_FIELD>
      <TABLE_FIELD FIELD_KEY="layout_name"><![CDATA[]]></TABLE_FIELD>
      <TABLE_FIELD FIELD_KEY="enabled"><![CDATA[0]]></TABLE_FIELD>
      <TABLE_FIELD FIELD_KEY="creation_date"><![CDATA[0]]></TABLE_FIELD>
      <TABLE_FIELD FIELD_KEY="modified_date"><![CDATA[0]]></TABLE_FIELD>
      <TABLE_FIELD FIELD_KEY="page_id"><![CDATA[1496-0-75]]></TABLE_FIELD>
      <TABLE_FIELD FIELD_KEY="system"><![CDATA[0]]></TABLE_FIELD>
      <TABLE_FIELD FIELD_KEY="cover_photo"><![CDATA[]]></TABLE_FIELD>
    </TABLE_ROW>
    <TABLE_ROW ROW_ID="20">
      <TABLE_FIELD FIELD_KEY="url"><![CDATA[/layout/bootstrapblogpost/template]]></TABLE_FIELD>
      <TABLE_FIELD FIELD_KEY="title"><![CDATA[]]></TABLE_FIELD>
      <TABLE_FIELD FIELD_KEY="description"><![CDATA[]]></TABLE_FIELD>
      <TABLE_FIELD FIELD_KEY="page_options"><![CDATA[b:0;]]></TABLE_FIELD>
      <TABLE_FIELD FIELD_KEY="auth_level"><![CDATA[a:1:{i:0;i:99;}]]></TABLE_FIELD>
      <TABLE_FIELD FIELD_KEY="redirect_url"><![CDATA[]]></TABLE_FIELD>
      <TABLE_FIELD FIELD_KEY="keywords"><![CDATA[]]></TABLE_FIELD>
      <TABLE_FIELD FIELD_KEY="layout_name"><![CDATA[]]></TABLE_FIELD>
      <TABLE_FIELD FIELD_KEY="enabled"><![CDATA[0]]></TABLE_FIELD>
      <TABLE_FIELD FIELD_KEY="creation_date"><![CDATA[0]]></TABLE_FIELD>
      <TABLE_FIELD FIELD_KEY="modified_date"><![CDATA[0]]></TABLE_FIELD>
      <TABLE_FIELD FIELD_KEY="page_id"><![CDATA[1496-0-86]]></TABLE_FIELD>
      <TABLE_FIELD FIELD_KEY="system"><![CDATA[0]]></TABLE_FIELD>
      <TABLE_FIELD FIELD_KEY="cover_photo"><![CDATA[]]></TABLE_FIELD>
    </TABLE_ROW>
    <TABLE_ROW ROW_ID="21">
      <TABLE_FIELD FIELD_KEY="url"><![CDATA[/posts]]></TABLE_FIELD>
      <TABLE_FIELD FIELD_KEY="redirect_url"><![CDATA[]]></TABLE_FIELD>
      <TABLE_FIELD FIELD_KEY="keywords"><![CDATA[]]></TABLE_FIELD>
      <TABLE_FIELD FIELD_KEY="enabled"><![CDATA[0]]></TABLE_FIELD>
      <TABLE_FIELD FIELD_KEY="creation_date"><![CDATA[0]]></TABLE_FIELD>
      <TABLE_FIELD FIELD_KEY="modified_date"><![CDATA[0]]></TABLE_FIELD>
      <TABLE_FIELD FIELD_KEY="page_id"><![CDATA[1496-0-73]]></TABLE_FIELD>
      <TABLE_FIELD FIELD_KEY="system"><![CDATA[0]]></TABLE_FIELD>
      <TABLE_FIELD FIELD_KEY="title"><![CDATA[]]></TABLE_FIELD>
      <TABLE_FIELD FIELD_KEY="description"><![CDATA[]]></TABLE_FIELD>
      <TABLE_FIELD FIELD_KEY="page_options"><![CDATA[a:1:{i:0;s:6:&quot;module&quot;;}]]></TABLE_FIELD>
      <TABLE_FIELD FIELD_KEY="auth_level"><![CDATA[a:1:{i:0;s:1:&quot;0&quot;;}]]></TABLE_FIELD>
      <TABLE_FIELD FIELD_KEY="layout_name"><![CDATA[]]></TABLE_FIELD>
      <TABLE_FIELD FIELD_KEY="cover_photo"><![CDATA[]]></TABLE_FIELD>
    </TABLE_ROW>
    <TABLE_ROW ROW_ID="22">
      <TABLE_FIELD FIELD_KEY="url"><![CDATA[/widgets]]></TABLE_FIELD>
      <TABLE_FIELD FIELD_KEY="redirect_url"><![CDATA[]]></TABLE_FIELD>
      <TABLE_FIELD FIELD_KEY="keywords"><![CDATA[]]></TABLE_FIELD>
      <TABLE_FIELD FIELD_KEY="enabled"><![CDATA[0]]></TABLE_FIELD>
      <TABLE_FIELD FIELD_KEY="creation_date"><![CDATA[0]]></TABLE_FIELD>
      <TABLE_FIELD FIELD_KEY="modified_date"><![CDATA[0]]></TABLE_FIELD>
      <TABLE_FIELD FIELD_KEY="page_id"><![CDATA[0-0-74]]></TABLE_FIELD>
      <TABLE_FIELD FIELD_KEY="system"><![CDATA[0]]></TABLE_FIELD>
      <TABLE_FIELD FIELD_KEY="title"><![CDATA[]]></TABLE_FIELD>
      <TABLE_FIELD FIELD_KEY="description"><![CDATA[]]></TABLE_FIELD>
      <TABLE_FIELD FIELD_KEY="page_options"><![CDATA[a:1:{i:0;s:6:&quot;module&quot;;}]]></TABLE_FIELD>
      <TABLE_FIELD FIELD_KEY="auth_level"><![CDATA[a:1:{i:0;s:1:&quot;0&quot;;}]]></TABLE_FIELD>
      <TABLE_FIELD FIELD_KEY="layout_name"><![CDATA[]]></TABLE_FIELD>
      <TABLE_FIELD FIELD_KEY="cover_photo"><![CDATA[]]></TABLE_FIELD>
    </TABLE_ROW>
    <TABLE_ROW ROW_ID="23">
      <TABLE_FIELD FIELD_KEY="url"><![CDATA[/account/signin]]></TABLE_FIELD>
      <TABLE_FIELD FIELD_KEY="redirect_url"><![CDATA[]]></TABLE_FIELD>
      <TABLE_FIELD FIELD_KEY="keywords"><![CDATA[]]></TABLE_FIELD>
      <TABLE_FIELD FIELD_KEY="enabled"><![CDATA[0]]></TABLE_FIELD>
      <TABLE_FIELD FIELD_KEY="creation_date"><![CDATA[0]]></TABLE_FIELD>
      <TABLE_FIELD FIELD_KEY="modified_date"><![CDATA[0]]></TABLE_FIELD>
      <TABLE_FIELD FIELD_KEY="page_id"><![CDATA[0-0-75]]></TABLE_FIELD>
      <TABLE_FIELD FIELD_KEY="system"><![CDATA[0]]></TABLE_FIELD>
      <TABLE_FIELD FIELD_KEY="title"><![CDATA[Log in]]></TABLE_FIELD>
      <TABLE_FIELD FIELD_KEY="description"><![CDATA[]]></TABLE_FIELD>
      <TABLE_FIELD FIELD_KEY="page_options"><![CDATA[b:0;]]></TABLE_FIELD>
      <TABLE_FIELD FIELD_KEY="auth_level"><![CDATA[a:1:{i:0;s:1:&quot;0&quot;;}]]></TABLE_FIELD>
      <TABLE_FIELD FIELD_KEY="layout_name"><![CDATA[]]></TABLE_FIELD>
      <TABLE_FIELD FIELD_KEY="cover_photo"><![CDATA[]]></TABLE_FIELD>
    </TABLE_ROW>
    <TABLE_ROW ROW_ID="24">
      <TABLE_FIELD FIELD_KEY="url"><![CDATA[/profile]]></TABLE_FIELD>
      <TABLE_FIELD FIELD_KEY="title"><![CDATA[]]></TABLE_FIELD>
      <TABLE_FIELD FIELD_KEY="description"><![CDATA[]]></TABLE_FIELD>
      <TABLE_FIELD FIELD_KEY="auth_level"><![CDATA[a:1:{i:0;s:1:&quot;0&quot;;}]]></TABLE_FIELD>
      <TABLE_FIELD FIELD_KEY="system"><![CDATA[0]]></TABLE_FIELD>
      <TABLE_FIELD FIELD_KEY="redirect_url"><![CDATA[]]></TABLE_FIELD>
      <TABLE_FIELD FIELD_KEY="keywords"><![CDATA[]]></TABLE_FIELD>
      <TABLE_FIELD FIELD_KEY="layout_name"><![CDATA[]]></TABLE_FIELD>
      <TABLE_FIELD FIELD_KEY="enabled"><![CDATA[0]]></TABLE_FIELD>
      <TABLE_FIELD FIELD_KEY="cover_photo"><![CDATA[]]></TABLE_FIELD>
      <TABLE_FIELD FIELD_KEY="page_options"><![CDATA[N;]]></TABLE_FIELD>
      <TABLE_FIELD FIELD_KEY="creation_date"><![CDATA[0]]></TABLE_FIELD>
      <TABLE_FIELD FIELD_KEY="modified_date"><![CDATA[0]]></TABLE_FIELD>
      <TABLE_FIELD FIELD_KEY="page_id"><![CDATA[0-0-24]]></TABLE_FIELD>
    </TABLE_ROW>
    <TABLE_ROW ROW_ID="25">
      <TABLE_FIELD FIELD_KEY="url"><![CDATA[/sitemap]]></TABLE_FIELD>
      <TABLE_FIELD FIELD_KEY="redirect_url"><![CDATA[]]></TABLE_FIELD>
      <TABLE_FIELD FIELD_KEY="keywords"><![CDATA[]]></TABLE_FIELD>
      <TABLE_FIELD FIELD_KEY="enabled"><![CDATA[0]]></TABLE_FIELD>
      <TABLE_FIELD FIELD_KEY="creation_date"><![CDATA[0]]></TABLE_FIELD>
      <TABLE_FIELD FIELD_KEY="modified_date"><![CDATA[0]]></TABLE_FIELD>
      <TABLE_FIELD FIELD_KEY="page_id"><![CDATA[0-0-25]]></TABLE_FIELD>
      <TABLE_FIELD FIELD_KEY="creation_time"><![CDATA[1524087098]]></TABLE_FIELD>
      <TABLE_FIELD FIELD_KEY="system"><![CDATA[0]]></TABLE_FIELD>
      <TABLE_FIELD FIELD_KEY="title"><![CDATA[Sitemap]]></TABLE_FIELD>
      <TABLE_FIELD FIELD_KEY="description"><![CDATA[]]></TABLE_FIELD>
      <TABLE_FIELD FIELD_KEY="page_options"><![CDATA[]]></TABLE_FIELD>
      <TABLE_FIELD FIELD_KEY="auth_level"><![CDATA[a:1:{i:0;s:1:&quot;0&quot;;}]]></TABLE_FIELD>
      <TABLE_FIELD FIELD_KEY="cover_photo"><![CDATA[]]></TABLE_FIELD>
      <TABLE_FIELD FIELD_KEY="layout_name"><![CDATA[]]></TABLE_FIELD>
    </TABLE_ROW>
    <TABLE_ROW ROW_ID="26">
      <TABLE_FIELD FIELD_KEY="title"><![CDATA[Shopping Cart]]></TABLE_FIELD>
      <TABLE_FIELD FIELD_KEY="url"><![CDATA[/cart]]></TABLE_FIELD>
      <TABLE_FIELD FIELD_KEY="description"><![CDATA[]]></TABLE_FIELD>
      <TABLE_FIELD FIELD_KEY="auth_level"><![CDATA[a:1:{i:0;s:1:&quot;0&quot;;}]]></TABLE_FIELD>
      <TABLE_FIELD FIELD_KEY="system"><![CDATA[0]]></TABLE_FIELD>
      <TABLE_FIELD FIELD_KEY="redirect_url"><![CDATA[]]></TABLE_FIELD>
      <TABLE_FIELD FIELD_KEY="keywords"><![CDATA[]]></TABLE_FIELD>
      <TABLE_FIELD FIELD_KEY="layout_name"><![CDATA[]]></TABLE_FIELD>
      <TABLE_FIELD FIELD_KEY="enabled"><![CDATA[0]]></TABLE_FIELD>
      <TABLE_FIELD FIELD_KEY="cover_photo"><![CDATA[]]></TABLE_FIELD>
      <TABLE_FIELD FIELD_KEY="page_options"><![CDATA[N;]]></TABLE_FIELD>
      <TABLE_FIELD FIELD_KEY="creation_date"><![CDATA[0]]></TABLE_FIELD>
      <TABLE_FIELD FIELD_KEY="modified_date"><![CDATA[0]]></TABLE_FIELD>
      <TABLE_FIELD FIELD_KEY="page_id"><![CDATA[0-0-26]]></TABLE_FIELD>
      <TABLE_FIELD FIELD_KEY="creation_time"><![CDATA[1528673349]]></TABLE_FIELD>
    </TABLE_ROW>
    <TABLE_ROW ROW_ID="27">
      <TABLE_FIELD FIELD_KEY="title"><![CDATA[Blog]]></TABLE_FIELD>
      <TABLE_FIELD FIELD_KEY="url"><![CDATA[/blog]]></TABLE_FIELD>
      <TABLE_FIELD FIELD_KEY="description"><![CDATA[]]></TABLE_FIELD>
      <TABLE_FIELD FIELD_KEY="auth_level"><![CDATA[a:1:{i:0;s:1:&quot;0&quot;;}]]></TABLE_FIELD>
      <TABLE_FIELD FIELD_KEY="system"><![CDATA[0]]></TABLE_FIELD>
      <TABLE_FIELD FIELD_KEY="redirect_url"><![CDATA[]]></TABLE_FIELD>
      <TABLE_FIELD FIELD_KEY="keywords"><![CDATA[]]></TABLE_FIELD>
      <TABLE_FIELD FIELD_KEY="layout_name"><![CDATA[]]></TABLE_FIELD>
      <TABLE_FIELD FIELD_KEY="enabled"><![CDATA[0]]></TABLE_FIELD>
      <TABLE_FIELD FIELD_KEY="cover_photo"><![CDATA[]]></TABLE_FIELD>
      <TABLE_FIELD FIELD_KEY="page_options"><![CDATA[N;]]></TABLE_FIELD>
      <TABLE_FIELD FIELD_KEY="creation_date"><![CDATA[0]]></TABLE_FIELD>
      <TABLE_FIELD FIELD_KEY="modified_date"><![CDATA[0]]></TABLE_FIELD>
      <TABLE_FIELD FIELD_KEY="page_id"><![CDATA[1546953320-0-27]]></TABLE_FIELD>
      <TABLE_FIELD FIELD_KEY="creation_time"><![CDATA[1546953319]]></TABLE_FIELD>
    </TABLE_ROW>
    <TABLE_ROW ROW_ID="28">
      <TABLE_FIELD FIELD_KEY="url"><![CDATA[/new-site-wizard]]></TABLE_FIELD>
      <TABLE_FIELD FIELD_KEY="redirect_url"><![CDATA[]]></TABLE_FIELD>
      <TABLE_FIELD FIELD_KEY="keywords"><![CDATA[]]></TABLE_FIELD>
      <TABLE_FIELD FIELD_KEY="enabled"><![CDATA[0]]></TABLE_FIELD>
      <TABLE_FIELD FIELD_KEY="creation_date"><![CDATA[0]]></TABLE_FIELD>
      <TABLE_FIELD FIELD_KEY="modified_date"><![CDATA[0]]></TABLE_FIELD>
      <TABLE_FIELD FIELD_KEY="page_id"><![CDATA[1547457347-0-28]]></TABLE_FIELD>
      <TABLE_FIELD FIELD_KEY="creation_time"><![CDATA[1547457347]]></TABLE_FIELD>
      <TABLE_FIELD FIELD_KEY="system"><![CDATA[0]]></TABLE_FIELD>
      <TABLE_FIELD FIELD_KEY="title"><![CDATA[New Site Wizard]]></TABLE_FIELD>
      <TABLE_FIELD FIELD_KEY="description"><![CDATA[]]></TABLE_FIELD>
      <TABLE_FIELD FIELD_KEY="auth_level"><![CDATA[a:1:{i:0;s:2:&quot;99&quot;;}]]></TABLE_FIELD>
      <TABLE_FIELD FIELD_KEY="cover_photo"><![CDATA[]]></TABLE_FIELD>
      <TABLE_FIELD FIELD_KEY="page_options"><![CDATA[]]></TABLE_FIELD>
      <TABLE_FIELD FIELD_KEY="layout_name"><![CDATA[]]></TABLE_FIELD>
      <TABLE_FIELD FIELD_KEY="modified_time"><![CDATA[1547480287]]></TABLE_FIELD>
    </TABLE_ROW>
  </RECORDS>
  <TABLE_SETTINGS>
    <DATA_TYPES url="INPUTTEXT,UNIQUE" redirect_url="INPUTTEXT" title="INPUTTEXT" description="TEXTAREA" keywords="TEXTAREA" layout_name="INPUTTEXT" auth_level="ARRAY" enabled="INT" system="INT" cover_photo="INPUTTEXT" page_options="ARRAY" creation_date="INT" modified_date="INT" page_id="INPUTTEXT"/>
    <FOREIGN_KEYS/>
    <RELATIVES/>
  </TABLE_SETTINGS>
</DOCUMENT_ELEMENT>
