<?xml version="1.0" encoding="utf-8"?>
<DOCUMENT_ELEMENT table_name="template" creation_time="1529144542" modified_time="1529144542" table_version="0.08" module_version="1.00" table_class="Application_Article_Template" creation_ip="2130706433">
  <RECORDS autoId="5">
    <TABLE_ROW ROW_ID="1">
      <TABLE_FIELD FIELD_KEY="template_label"><![CDATA[Plain List of Titles]]></TABLE_FIELD>
      <TABLE_FIELD FIELD_KEY="template_name"><![CDATA[PlainListofTitles]]></TABLE_FIELD>
      <TABLE_FIELD FIELD_KEY="markup_template"><![CDATA[&lt;li&gt;&lt;a href=&quot;{{{post_link}}}&quot;&gt;{{{article_title}}}&lt;/a&gt;&lt;/li&gt;]]></TABLE_FIELD>
      <TABLE_FIELD FIELD_KEY="template_options"><![CDATA[[&quot;padding&quot;]]]></TABLE_FIELD>
      <TABLE_FIELD FIELD_KEY="markup_template_prefix"><![CDATA[&lt;ul&gt;]]></TABLE_FIELD>
      <TABLE_FIELD FIELD_KEY="markup_template_median"><![CDATA[]]></TABLE_FIELD>
      <TABLE_FIELD FIELD_KEY="markup_template_suffix"><![CDATA[&lt;/ul&gt;]]></TABLE_FIELD>
      <TABLE_FIELD FIELD_KEY="max_group_no"><![CDATA[0]]></TABLE_FIELD>
      <TABLE_FIELD FIELD_KEY="template_screenshot"><![CDATA[]]></TABLE_FIELD>
      <TABLE_FIELD FIELD_KEY="javascript_files"><![CDATA[null]]></TABLE_FIELD>
      <TABLE_FIELD FIELD_KEY="javascript_code"><![CDATA[]]></TABLE_FIELD>
      <TABLE_FIELD FIELD_KEY="css_code"><![CDATA[]]></TABLE_FIELD>
      <TABLE_FIELD FIELD_KEY="css_files"><![CDATA[null]]></TABLE_FIELD>
      <TABLE_FIELD FIELD_KEY="template_id"><![CDATA[0-0-4]]></TABLE_FIELD>
      <TABLE_FIELD FIELD_KEY="creation_time"><![CDATA[1529144542]]></TABLE_FIELD>
      <TABLE_FIELD FIELD_KEY="modified_time"><![CDATA[]]></TABLE_FIELD>
    </TABLE_ROW>
    <TABLE_ROW ROW_ID="2">
      <TABLE_FIELD FIELD_KEY="template_name"><![CDATA[ProductsforSale]]></TABLE_FIELD>
      <TABLE_FIELD FIELD_KEY="template_screenshot"><![CDATA[]]></TABLE_FIELD>
      <TABLE_FIELD FIELD_KEY="javascript_files"><![CDATA[null]]></TABLE_FIELD>
      <TABLE_FIELD FIELD_KEY="javascript_code"><![CDATA[]]></TABLE_FIELD>
      <TABLE_FIELD FIELD_KEY="template_id"><![CDATA[1077-0-5]]></TABLE_FIELD>
      <TABLE_FIELD FIELD_KEY="template_label"><![CDATA[Products for Sale]]></TABLE_FIELD>
      <TABLE_FIELD FIELD_KEY="markup_template"><![CDATA[&lt;li&gt;
					&lt;div class=&quot;view123 view-first123&quot;&gt;
					  &lt;a  href=&quot;{{{post_link}}}&quot;&gt;&lt;img style=&quot;border: 0px currentColor;border-image: none;&quot; class=&quot;img-responsive&quot; alt=&quot;&quot; src=&quot;{{{document_url_cropped}}}&quot;&gt;&lt;/a&gt;
					  &lt;div class=&quot;tab_desc pc-bg-color&quot;&gt;
			             &lt;h3&gt;&lt;a  style=&quot; &quot; href=&quot;{{{post_link}}}&quot;&gt;{{{article_title}}}&lt;/a&gt;&lt;/h3&gt;
						 &lt;p&gt;{{{item_price}}}&lt;/p&gt;
						 &lt;a class=&quot;btnexample1 btnexample-primary1&quot;href=&quot;{{{post_link}}}&quot;&gt;&lt;span&gt;{{{button_value}}}&lt;/span&gt;&lt;img alt=&quot;&quot; src=&quot;data:image/png;base64,iVBORw0KGgoAAAANSUhEUgAAAA4AAAAOCAYAAAAfSC3RAAAAHklEQVQokWNgGDTgPxIYLhr/kwAGWCP9A2fgNRICAAAV4x0nkgjjAAAAAElFTkSuQmCC&quot;&gt;&lt;/a&gt;
					  &lt;/div&gt;
					&lt;/div&gt;
				  &lt;/li&gt;]]></TABLE_FIELD>
      <TABLE_FIELD FIELD_KEY="template_options"><![CDATA[[&quot;css&quot;,&quot;padding&quot;]]]></TABLE_FIELD>
      <TABLE_FIELD FIELD_KEY="markup_template_prefix"><![CDATA[    &lt;ul class=&quot;grid123456&quot; style=&quot;	margin-top: 0px;margin: 0px;list-style: none;padding: 0px;list-style: none;padding: 0px;position: relative;&quot;&gt;]]></TABLE_FIELD>
      <TABLE_FIELD FIELD_KEY="markup_template_median"><![CDATA[]]></TABLE_FIELD>
      <TABLE_FIELD FIELD_KEY="markup_template_suffix"><![CDATA[				  &lt;div class=&quot;clearfix&quot;&gt; &lt;/div&gt;
				&lt;/ul&gt;
]]></TABLE_FIELD>
      <TABLE_FIELD FIELD_KEY="max_group_no"><![CDATA[3]]></TABLE_FIELD>
      <TABLE_FIELD FIELD_KEY="css_files"><![CDATA[[&quot;\/public\/2014\/12\/18\/Products_for_sale_css.css&quot;]]]></TABLE_FIELD>
      <TABLE_FIELD FIELD_KEY="css_code"><![CDATA[]]></TABLE_FIELD>
      <TABLE_FIELD FIELD_KEY="creation_time"><![CDATA[1529144542]]></TABLE_FIELD>
      <TABLE_FIELD FIELD_KEY="modified_time"><![CDATA[]]></TABLE_FIELD>
    </TABLE_ROW>
    <TABLE_ROW ROW_ID="3">
      <TABLE_FIELD FIELD_KEY="template_name"><![CDATA[ItemsList]]></TABLE_FIELD>
      <TABLE_FIELD FIELD_KEY="template_screenshot"><![CDATA[]]></TABLE_FIELD>
      <TABLE_FIELD FIELD_KEY="javascript_files"><![CDATA[null]]></TABLE_FIELD>
      <TABLE_FIELD FIELD_KEY="javascript_code"><![CDATA[]]></TABLE_FIELD>
      <TABLE_FIELD FIELD_KEY="template_id"><![CDATA[1077-0-4]]></TABLE_FIELD>
      <TABLE_FIELD FIELD_KEY="template_label"><![CDATA[Items List]]></TABLE_FIELD>
      <TABLE_FIELD FIELD_KEY="markup_template"><![CDATA[&lt;div class=&quot;grid_1_of_4 images_1_of_4&quot;&gt;
					 &lt;h4&gt;&lt;a style=&quot; background-color: transparent !important; color: #E44F2B  !important; padding-bottom: 5px; font-size: 16px; &quot; href=&quot;{{{post_link}}}&quot;&gt;{{{article_title}}}&lt;/a&gt;&lt;/h4&gt;
					  &lt;a style=&quot; background-color: transparent !important; &quot; href=&quot;{{{post_link}}}&quot;&gt;&lt;img alt=&quot;&quot; src=&quot;{{{document_url_cropped}}}&quot;&gt;&lt;/a&gt;
					  &lt;div class=&quot;price-details&quot;&gt;  
				       &lt;div class=&quot;price-number&quot;&gt;
							&lt;p&gt;&lt;span class=&quot;rupees&quot;&gt;{{{item_price}}} &lt;/span&gt;&lt;/p&gt;
					    &lt;/div&gt;
					       		&lt;div class=&quot;add-cart&quot;&gt;								
									&lt;h4&gt;&lt;a style=&quot; background: #8FA7AE none repeat scroll 0% 0% !important; color: #FFF  !important;&quot; href=&quot;{{{post_link}}}&quot;&gt;{{{button_value}}}&lt;/a&gt;&lt;/h4&gt;
							     &lt;/div&gt;
							 &lt;div class=&quot;clear&quot;&gt;&lt;/div&gt;
					&lt;/div&gt;					 
				&lt;/div&gt;]]></TABLE_FIELD>
      <TABLE_FIELD FIELD_KEY="template_options"><![CDATA[[&quot;css&quot;,&quot;padding&quot;]]]></TABLE_FIELD>
      <TABLE_FIELD FIELD_KEY="markup_template_prefix"><![CDATA[&lt;div&gt;]]></TABLE_FIELD>
      <TABLE_FIELD FIELD_KEY="markup_template_suffix"><![CDATA[&lt;div class=&quot;clear&quot;&gt;&lt;/div&gt;
&lt;/div&gt;							 
]]></TABLE_FIELD>
      <TABLE_FIELD FIELD_KEY="max_group_no"><![CDATA[4]]></TABLE_FIELD>
      <TABLE_FIELD FIELD_KEY="css_files"><![CDATA[[&quot;\/public\/2014\/12\/17\/Items_List_css.css&quot;]]]></TABLE_FIELD>
      <TABLE_FIELD FIELD_KEY="css_code"><![CDATA[]]></TABLE_FIELD>
      <TABLE_FIELD FIELD_KEY="markup_template_median"><![CDATA[]]></TABLE_FIELD>
      <TABLE_FIELD FIELD_KEY="creation_time"><![CDATA[1529144542]]></TABLE_FIELD>
      <TABLE_FIELD FIELD_KEY="modified_time"><![CDATA[]]></TABLE_FIELD>
    </TABLE_ROW>
    <TABLE_ROW ROW_ID="4">
      <TABLE_FIELD FIELD_KEY="template_name"><![CDATA[ProductsandServicesList2]]></TABLE_FIELD>
      <TABLE_FIELD FIELD_KEY="template_screenshot"><![CDATA[]]></TABLE_FIELD>
      <TABLE_FIELD FIELD_KEY="javascript_files"><![CDATA[null]]></TABLE_FIELD>
      <TABLE_FIELD FIELD_KEY="javascript_code"><![CDATA[]]></TABLE_FIELD>
      <TABLE_FIELD FIELD_KEY="template_id"><![CDATA[1077-0-3]]></TABLE_FIELD>
      <TABLE_FIELD FIELD_KEY="template_label"><![CDATA[Products and Services List]]></TABLE_FIELD>
      <TABLE_FIELD FIELD_KEY="markup_template"><![CDATA[&lt;div class=&quot;col_1_of_3 span_1_of_3&quot; style=&quot;&quot;&gt; 
			   &lt;a href=&quot;{{{post_link}}}&quot;&gt;
				&lt;div class=&quot;inner_content clearfix&quot; style=&quot; background-color:#fff; &quot;&gt;
					&lt;div class=&quot;product_image&quot;&gt;
						&lt;img alt=&quot;&quot; src=&quot;{{{document_url_cropped}}}&quot;&gt;
					&lt;/div&gt;
                    &lt;div class=&quot;sale-box1&quot;&gt;&lt;span style=&quot;border-bottom: 0;&quot; class=&quot;on_sale title_shop pc-bg-color &quot;&gt;{{{item_tag}}}&lt;/span&gt;&lt;/div&gt;	
                    &lt;div style=&quot;padding: 10px 0px 0px;&quot;&gt;
					   &lt;div class=&quot;cart-left&quot;&gt;
							&lt;p style=&quot;color: rgb(119, 119, 119);font-size: 1.3em;&quot;&gt;{{{article_title}}}&lt;/p&gt;
							&lt;div class=&quot;price1&quot;&gt;
							  &lt;span class=&quot;reducedfrom&quot;&gt;{{{item_old_price}}}&lt;/span&gt;
							  &lt;span class=&quot;actual&quot;&gt;{{{item_price_with_currency}}}&lt;/span&gt;
							&lt;/div&gt;
						&lt;/div&gt;
						&lt;div class=&quot;cart-right pc-bg-color&quot;&gt; &lt;/div&gt;
						&lt;div class=&quot;clear&quot;&gt;&lt;/div&gt;
					 &lt;/div&gt;				
                   &lt;/div&gt;
                 &lt;/a&gt;
				&lt;/div&gt;]]></TABLE_FIELD>
      <TABLE_FIELD FIELD_KEY="template_options"><![CDATA[[&quot;css&quot;,&quot;padding&quot;]]]></TABLE_FIELD>
      <TABLE_FIELD FIELD_KEY="markup_template_prefix"><![CDATA[&lt;div class=&quot;top-box&quot;&gt;]]></TABLE_FIELD>
      <TABLE_FIELD FIELD_KEY="markup_template_median"><![CDATA[]]></TABLE_FIELD>
      <TABLE_FIELD FIELD_KEY="markup_template_suffix"><![CDATA[				&lt;div class=&quot;clear&quot;&gt;&lt;/div&gt;
			&lt;/div&gt;
]]></TABLE_FIELD>
      <TABLE_FIELD FIELD_KEY="max_group_no"><![CDATA[3]]></TABLE_FIELD>
      <TABLE_FIELD FIELD_KEY="css_files"><![CDATA[[&quot;\/public\/2014\/12\/17\/Product_and_Services_List_2_cs.css&quot;]]]></TABLE_FIELD>
      <TABLE_FIELD FIELD_KEY="css_code"><![CDATA[]]></TABLE_FIELD>
      <TABLE_FIELD FIELD_KEY="creation_time"><![CDATA[1529144542]]></TABLE_FIELD>
      <TABLE_FIELD FIELD_KEY="modified_time"><![CDATA[]]></TABLE_FIELD>
    </TABLE_ROW>
  </RECORDS>
  <TABLE_SETTINGS>
    <DATA_TYPES template_name="INPUTTEXT,UNIQUE" template_label="INPUTTEXT" template_screenshot="INPUTTEXT" markup_template="INPUTTEXT" markup_template_prefix="INPUTTEXT" markup_template_suffix="INPUTTEXT" markup_template_median="INPUTTEXT" max_group_no="INT" template_options="JSON" javascript_files="JSON" javascript_code="TEXTAREA" css_code="TEXTAREA" css_files="JSON" template_id="INPUTTEXT" creation_time="INPUTTEXT" modified_time="INPUTTEXT"/>
    <FOREIGN_KEYS/>
    <RELATIVES/>
  </TABLE_SETTINGS>
</DOCUMENT_ELEMENT>
