<?xml version="1.0" encoding="utf-8"?>
<DOCUMENT_ELEMENT table_name="views" creation_time="1513689041" table_version="0.03" module_version="1.00" table_class="Application_Article_Views" creation_ip="2130706433">
  <RECORDS autoId="25">
    <TABLE_ROW ROW_ID="1">
      <TABLE_FIELD FIELD_KEY="username"><![CDATA[joywealth]]></TABLE_FIELD>
      <TABLE_FIELD FIELD_KEY="article_url"><![CDATA[]]></TABLE_FIELD>
      <TABLE_FIELD FIELD_KEY="timestamp"><![CDATA[1513689041]]></TABLE_FIELD>
      <TABLE_FIELD FIELD_KEY="views_id"><![CDATA[0-0-1]]></TABLE_FIELD>
    </TABLE_ROW>
    <TABLE_ROW ROW_ID="2">
      <TABLE_FIELD FIELD_KEY="username"><![CDATA[joywealth]]></TABLE_FIELD>
      <TABLE_FIELD FIELD_KEY="article_url"><![CDATA[]]></TABLE_FIELD>
      <TABLE_FIELD FIELD_KEY="timestamp"><![CDATA[1513753621]]></TABLE_FIELD>
      <TABLE_FIELD FIELD_KEY="views_id"><![CDATA[0-0-2]]></TABLE_FIELD>
    </TABLE_ROW>
    <TABLE_ROW ROW_ID="3">
      <TABLE_FIELD FIELD_KEY="username"><![CDATA[joywealth]]></TABLE_FIELD>
      <TABLE_FIELD FIELD_KEY="article_url"><![CDATA[]]></TABLE_FIELD>
      <TABLE_FIELD FIELD_KEY="timestamp"><![CDATA[1513756312]]></TABLE_FIELD>
      <TABLE_FIELD FIELD_KEY="views_id"><![CDATA[0-0-3]]></TABLE_FIELD>
    </TABLE_ROW>
    <TABLE_ROW ROW_ID="4">
      <TABLE_FIELD FIELD_KEY="username"><![CDATA[joywealth]]></TABLE_FIELD>
      <TABLE_FIELD FIELD_KEY="article_url"><![CDATA[]]></TABLE_FIELD>
      <TABLE_FIELD FIELD_KEY="timestamp"><![CDATA[1513756335]]></TABLE_FIELD>
      <TABLE_FIELD FIELD_KEY="views_id"><![CDATA[0-0-4]]></TABLE_FIELD>
    </TABLE_ROW>
    <TABLE_ROW ROW_ID="5">
      <TABLE_FIELD FIELD_KEY="username"><![CDATA[joywealth]]></TABLE_FIELD>
      <TABLE_FIELD FIELD_KEY="article_url"><![CDATA[]]></TABLE_FIELD>
      <TABLE_FIELD FIELD_KEY="timestamp"><![CDATA[1513759876]]></TABLE_FIELD>
      <TABLE_FIELD FIELD_KEY="views_id"><![CDATA[0-0-5]]></TABLE_FIELD>
    </TABLE_ROW>
    <TABLE_ROW ROW_ID="6">
      <TABLE_FIELD FIELD_KEY="username"><![CDATA[joywealth]]></TABLE_FIELD>
      <TABLE_FIELD FIELD_KEY="article_url"><![CDATA[]]></TABLE_FIELD>
      <TABLE_FIELD FIELD_KEY="timestamp"><![CDATA[1513765663]]></TABLE_FIELD>
      <TABLE_FIELD FIELD_KEY="views_id"><![CDATA[0-0-6]]></TABLE_FIELD>
    </TABLE_ROW>
    <TABLE_ROW ROW_ID="7">
      <TABLE_FIELD FIELD_KEY="username"><![CDATA[joywealth]]></TABLE_FIELD>
      <TABLE_FIELD FIELD_KEY="article_url"><![CDATA[]]></TABLE_FIELD>
      <TABLE_FIELD FIELD_KEY="timestamp"><![CDATA[1513765728]]></TABLE_FIELD>
      <TABLE_FIELD FIELD_KEY="views_id"><![CDATA[0-0-7]]></TABLE_FIELD>
    </TABLE_ROW>
    <TABLE_ROW ROW_ID="8">
      <TABLE_FIELD FIELD_KEY="username"><![CDATA[joywealth]]></TABLE_FIELD>
      <TABLE_FIELD FIELD_KEY="article_url"><![CDATA[]]></TABLE_FIELD>
      <TABLE_FIELD FIELD_KEY="timestamp"><![CDATA[1513765789]]></TABLE_FIELD>
      <TABLE_FIELD FIELD_KEY="views_id"><![CDATA[0-0-8]]></TABLE_FIELD>
    </TABLE_ROW>
    <TABLE_ROW ROW_ID="9">
      <TABLE_FIELD FIELD_KEY="username"><![CDATA[joywealth]]></TABLE_FIELD>
      <TABLE_FIELD FIELD_KEY="article_url"><![CDATA[]]></TABLE_FIELD>
      <TABLE_FIELD FIELD_KEY="timestamp"><![CDATA[1513766012]]></TABLE_FIELD>
      <TABLE_FIELD FIELD_KEY="views_id"><![CDATA[0-0-9]]></TABLE_FIELD>
    </TABLE_ROW>
    <TABLE_ROW ROW_ID="10">
      <TABLE_FIELD FIELD_KEY="username"><![CDATA[joywealth]]></TABLE_FIELD>
      <TABLE_FIELD FIELD_KEY="article_url"><![CDATA[]]></TABLE_FIELD>
      <TABLE_FIELD FIELD_KEY="timestamp"><![CDATA[1513766112]]></TABLE_FIELD>
      <TABLE_FIELD FIELD_KEY="views_id"><![CDATA[0-0-10]]></TABLE_FIELD>
    </TABLE_ROW>
    <TABLE_ROW ROW_ID="11">
      <TABLE_FIELD FIELD_KEY="username"><![CDATA[joywealth]]></TABLE_FIELD>
      <TABLE_FIELD FIELD_KEY="article_url"><![CDATA[]]></TABLE_FIELD>
      <TABLE_FIELD FIELD_KEY="timestamp"><![CDATA[1513766236]]></TABLE_FIELD>
      <TABLE_FIELD FIELD_KEY="views_id"><![CDATA[0-0-11]]></TABLE_FIELD>
    </TABLE_ROW>
    <TABLE_ROW ROW_ID="12">
      <TABLE_FIELD FIELD_KEY="username"><![CDATA[joywealth]]></TABLE_FIELD>
      <TABLE_FIELD FIELD_KEY="article_url"><![CDATA[]]></TABLE_FIELD>
      <TABLE_FIELD FIELD_KEY="timestamp"><![CDATA[1513766417]]></TABLE_FIELD>
      <TABLE_FIELD FIELD_KEY="views_id"><![CDATA[0-0-12]]></TABLE_FIELD>
    </TABLE_ROW>
    <TABLE_ROW ROW_ID="13">
      <TABLE_FIELD FIELD_KEY="username"><![CDATA[joywealth]]></TABLE_FIELD>
      <TABLE_FIELD FIELD_KEY="article_url"><![CDATA[]]></TABLE_FIELD>
      <TABLE_FIELD FIELD_KEY="timestamp"><![CDATA[1513766448]]></TABLE_FIELD>
      <TABLE_FIELD FIELD_KEY="views_id"><![CDATA[0-0-13]]></TABLE_FIELD>
    </TABLE_ROW>
    <TABLE_ROW ROW_ID="14">
      <TABLE_FIELD FIELD_KEY="username"><![CDATA[joywealth]]></TABLE_FIELD>
      <TABLE_FIELD FIELD_KEY="article_url"><![CDATA[]]></TABLE_FIELD>
      <TABLE_FIELD FIELD_KEY="timestamp"><![CDATA[1513766453]]></TABLE_FIELD>
      <TABLE_FIELD FIELD_KEY="views_id"><![CDATA[0-0-14]]></TABLE_FIELD>
    </TABLE_ROW>
    <TABLE_ROW ROW_ID="15">
      <TABLE_FIELD FIELD_KEY="username"><![CDATA[joywealth]]></TABLE_FIELD>
      <TABLE_FIELD FIELD_KEY="article_url"><![CDATA[]]></TABLE_FIELD>
      <TABLE_FIELD FIELD_KEY="timestamp"><![CDATA[1513766855]]></TABLE_FIELD>
      <TABLE_FIELD FIELD_KEY="views_id"><![CDATA[0-0-15]]></TABLE_FIELD>
    </TABLE_ROW>
    <TABLE_ROW ROW_ID="16">
      <TABLE_FIELD FIELD_KEY="username"><![CDATA[joywealth]]></TABLE_FIELD>
      <TABLE_FIELD FIELD_KEY="article_url"><![CDATA[]]></TABLE_FIELD>
      <TABLE_FIELD FIELD_KEY="timestamp"><![CDATA[1513766986]]></TABLE_FIELD>
      <TABLE_FIELD FIELD_KEY="views_id"><![CDATA[0-0-16]]></TABLE_FIELD>
    </TABLE_ROW>
    <TABLE_ROW ROW_ID="17">
      <TABLE_FIELD FIELD_KEY="username"><![CDATA[joywealth]]></TABLE_FIELD>
      <TABLE_FIELD FIELD_KEY="article_url"><![CDATA[]]></TABLE_FIELD>
      <TABLE_FIELD FIELD_KEY="timestamp"><![CDATA[1513948318]]></TABLE_FIELD>
      <TABLE_FIELD FIELD_KEY="views_id"><![CDATA[0-0-17]]></TABLE_FIELD>
    </TABLE_ROW>
    <TABLE_ROW ROW_ID="18">
      <TABLE_FIELD FIELD_KEY="username"><![CDATA[joywealth]]></TABLE_FIELD>
      <TABLE_FIELD FIELD_KEY="article_url"><![CDATA[]]></TABLE_FIELD>
      <TABLE_FIELD FIELD_KEY="timestamp"><![CDATA[1514148808]]></TABLE_FIELD>
      <TABLE_FIELD FIELD_KEY="views_id"><![CDATA[0-0-18]]></TABLE_FIELD>
    </TABLE_ROW>
    <TABLE_ROW ROW_ID="19">
      <TABLE_FIELD FIELD_KEY="username"><![CDATA[joywealth]]></TABLE_FIELD>
      <TABLE_FIELD FIELD_KEY="article_url"><![CDATA[]]></TABLE_FIELD>
      <TABLE_FIELD FIELD_KEY="timestamp"><![CDATA[1514281391]]></TABLE_FIELD>
      <TABLE_FIELD FIELD_KEY="views_id"><![CDATA[0-0-19]]></TABLE_FIELD>
    </TABLE_ROW>
    <TABLE_ROW ROW_ID="20">
      <TABLE_FIELD FIELD_KEY="username"><![CDATA[joywealth]]></TABLE_FIELD>
      <TABLE_FIELD FIELD_KEY="article_url"><![CDATA[]]></TABLE_FIELD>
      <TABLE_FIELD FIELD_KEY="timestamp"><![CDATA[1514290908]]></TABLE_FIELD>
      <TABLE_FIELD FIELD_KEY="views_id"><![CDATA[0-0-20]]></TABLE_FIELD>
    </TABLE_ROW>
    <TABLE_ROW ROW_ID="21">
      <TABLE_FIELD FIELD_KEY="username"><![CDATA[joywealth]]></TABLE_FIELD>
      <TABLE_FIELD FIELD_KEY="article_url"><![CDATA[]]></TABLE_FIELD>
      <TABLE_FIELD FIELD_KEY="timestamp"><![CDATA[1518020736]]></TABLE_FIELD>
      <TABLE_FIELD FIELD_KEY="views_id"><![CDATA[0-0-21]]></TABLE_FIELD>
      <TABLE_FIELD FIELD_KEY="creation_time"><![CDATA[1518020736]]></TABLE_FIELD>
    </TABLE_ROW>
    <TABLE_ROW ROW_ID="22">
      <TABLE_FIELD FIELD_KEY="username"><![CDATA[joywealth]]></TABLE_FIELD>
      <TABLE_FIELD FIELD_KEY="article_url"><![CDATA[]]></TABLE_FIELD>
      <TABLE_FIELD FIELD_KEY="timestamp"><![CDATA[1526547718]]></TABLE_FIELD>
      <TABLE_FIELD FIELD_KEY="views_id"><![CDATA[0-0-22]]></TABLE_FIELD>
      <TABLE_FIELD FIELD_KEY="creation_time"><![CDATA[1526547718]]></TABLE_FIELD>
    </TABLE_ROW>
    <TABLE_ROW ROW_ID="23">
      <TABLE_FIELD FIELD_KEY="username"><![CDATA[joywealth]]></TABLE_FIELD>
      <TABLE_FIELD FIELD_KEY="article_url"><![CDATA[]]></TABLE_FIELD>
      <TABLE_FIELD FIELD_KEY="timestamp"><![CDATA[1526547837]]></TABLE_FIELD>
      <TABLE_FIELD FIELD_KEY="views_id"><![CDATA[0-0-23]]></TABLE_FIELD>
      <TABLE_FIELD FIELD_KEY="creation_time"><![CDATA[1526547837]]></TABLE_FIELD>
    </TABLE_ROW>
    <TABLE_ROW ROW_ID="24">
      <TABLE_FIELD FIELD_KEY="username"><![CDATA[joywealth]]></TABLE_FIELD>
      <TABLE_FIELD FIELD_KEY="article_url"><![CDATA[]]></TABLE_FIELD>
      <TABLE_FIELD FIELD_KEY="timestamp"><![CDATA[1544782633]]></TABLE_FIELD>
      <TABLE_FIELD FIELD_KEY="views_id"><![CDATA[1544782633-0-24]]></TABLE_FIELD>
      <TABLE_FIELD FIELD_KEY="creation_time"><![CDATA[1544782633]]></TABLE_FIELD>
    </TABLE_ROW>
  </RECORDS>
  <TABLE_SETTINGS>
    <DATA_TYPES username="INPUTTEXT" article_url="INPUTTEXT" timestamp="INPUTTEXT" views_id="INPUTTEXT"/>
    <FOREIGN_KEYS/>
    <RELATIVES/>
  </TABLE_SETTINGS>
</DOCUMENT_ELEMENT>
