<?xml version="1.0" encoding="utf-8"?>
<DOCUMENT_ELEMENT table_name="dbase" creation_time="1533477593" modified_time="1533477593" table_version="0.0" module_version="1.00" table_class="Ayoola_Object_Dbase" creation_ip="2130706433">
  <RECORDS autoId="12">
    <TABLE_ROW ROW_ID="1">
      <TABLE_FIELD FIELD_KEY="class_name"><![CDATA[PageCarton_Locale]]></TABLE_FIELD>
      <TABLE_FIELD FIELD_KEY="dbase_id"><![CDATA[1533477593-0-1]]></TABLE_FIELD>
      <TABLE_FIELD FIELD_KEY="creation_time"><![CDATA[1533477593]]></TABLE_FIELD>
      <TABLE_FIELD FIELD_KEY="modified_time"><![CDATA[]]></TABLE_FIELD>
    </TABLE_ROW>
    <TABLE_ROW ROW_ID="2">
      <TABLE_FIELD FIELD_KEY="class_name"><![CDATA[PageCarton_Locale_Translation]]></TABLE_FIELD>
      <TABLE_FIELD FIELD_KEY="dbase_id"><![CDATA[1533488707-0-2]]></TABLE_FIELD>
      <TABLE_FIELD FIELD_KEY="creation_time"><![CDATA[1533488706]]></TABLE_FIELD>
      <TABLE_FIELD FIELD_KEY="modified_time"><![CDATA[]]></TABLE_FIELD>
    </TABLE_ROW>
    <TABLE_ROW ROW_ID="3">
      <TABLE_FIELD FIELD_KEY="class_name"><![CDATA[Application_Domain_Order]]></TABLE_FIELD>
      <TABLE_FIELD FIELD_KEY="dbase_id"><![CDATA[1535182915-0-3]]></TABLE_FIELD>
      <TABLE_FIELD FIELD_KEY="creation_time"><![CDATA[1535182915]]></TABLE_FIELD>
      <TABLE_FIELD FIELD_KEY="modified_time"><![CDATA[]]></TABLE_FIELD>
    </TABLE_ROW>
    <TABLE_ROW ROW_ID="4">
      <TABLE_FIELD FIELD_KEY="class_name"><![CDATA[Application_Domain_Registration_Api]]></TABLE_FIELD>
      <TABLE_FIELD FIELD_KEY="dbase_id"><![CDATA[1535186670-0-4]]></TABLE_FIELD>
      <TABLE_FIELD FIELD_KEY="creation_time"><![CDATA[1535186670]]></TABLE_FIELD>
      <TABLE_FIELD FIELD_KEY="modified_time"><![CDATA[]]></TABLE_FIELD>
    </TABLE_ROW>
    <TABLE_ROW ROW_ID="5">
      <TABLE_FIELD FIELD_KEY="class_name"><![CDATA[Application_YesOrNo]]></TABLE_FIELD>
      <TABLE_FIELD FIELD_KEY="dbase_id"><![CDATA[1535351199-0-5]]></TABLE_FIELD>
      <TABLE_FIELD FIELD_KEY="creation_time"><![CDATA[1535351199]]></TABLE_FIELD>
      <TABLE_FIELD FIELD_KEY="modified_time"><![CDATA[]]></TABLE_FIELD>
    </TABLE_ROW>
    <TABLE_ROW ROW_ID="6">
      <TABLE_FIELD FIELD_KEY="class_name"><![CDATA[Application_Gender]]></TABLE_FIELD>
      <TABLE_FIELD FIELD_KEY="dbase_id"><![CDATA[1535352498-0-6]]></TABLE_FIELD>
      <TABLE_FIELD FIELD_KEY="creation_time"><![CDATA[1535352498]]></TABLE_FIELD>
      <TABLE_FIELD FIELD_KEY="modified_time"><![CDATA[]]></TABLE_FIELD>
    </TABLE_ROW>
    <TABLE_ROW ROW_ID="7">
      <TABLE_FIELD FIELD_KEY="class_name"><![CDATA[Application_SearchBox_Table]]></TABLE_FIELD>
      <TABLE_FIELD FIELD_KEY="dbase_id"><![CDATA[1540506664-0-7]]></TABLE_FIELD>
      <TABLE_FIELD FIELD_KEY="creation_time"><![CDATA[1540506664]]></TABLE_FIELD>
      <TABLE_FIELD FIELD_KEY="modified_time"><![CDATA[]]></TABLE_FIELD>
    </TABLE_ROW>
    <TABLE_ROW ROW_ID="8">
      <TABLE_FIELD FIELD_KEY="class_name"><![CDATA[Ayoola_Object_SavedWidget]]></TABLE_FIELD>
      <TABLE_FIELD FIELD_KEY="dbase_id"><![CDATA[1545844158-0-8]]></TABLE_FIELD>
      <TABLE_FIELD FIELD_KEY="creation_time"><![CDATA[1545844158]]></TABLE_FIELD>
      <TABLE_FIELD FIELD_KEY="modified_time"><![CDATA[]]></TABLE_FIELD>
    </TABLE_ROW>
    <TABLE_ROW ROW_ID="9">
      <TABLE_FIELD FIELD_KEY="class_name"><![CDATA[Application_Upgrade_Check_Table]]></TABLE_FIELD>
      <TABLE_FIELD FIELD_KEY="dbase_id"><![CDATA[1545959763-0-9]]></TABLE_FIELD>
      <TABLE_FIELD FIELD_KEY="creation_time"><![CDATA[1545959763]]></TABLE_FIELD>
      <TABLE_FIELD FIELD_KEY="modified_time"><![CDATA[]]></TABLE_FIELD>
    </TABLE_ROW>
    <TABLE_ROW ROW_ID="10">
      <TABLE_FIELD FIELD_KEY="class_name"><![CDATA[Application_TrafficSource]]></TABLE_FIELD>
      <TABLE_FIELD FIELD_KEY="dbase_id"><![CDATA[1551694782-0-10]]></TABLE_FIELD>
      <TABLE_FIELD FIELD_KEY="creation_time"><![CDATA[1551694782]]></TABLE_FIELD>
      <TABLE_FIELD FIELD_KEY="modified_time"><![CDATA[]]></TABLE_FIELD>
    </TABLE_ROW>
    <TABLE_ROW ROW_ID="11">
      <TABLE_FIELD FIELD_KEY="class_name"><![CDATA[Ayoola_Object_PageWidget]]></TABLE_FIELD>
      <TABLE_FIELD FIELD_KEY="dbase_id"><![CDATA[1558517814-0-11]]></TABLE_FIELD>
      <TABLE_FIELD FIELD_KEY="creation_time"><![CDATA[1558517814]]></TABLE_FIELD>
      <TABLE_FIELD FIELD_KEY="modified_time"><![CDATA[]]></TABLE_FIELD>
    </TABLE_ROW>
  </RECORDS>
  <TABLE_SETTINGS>
    <DATA_TYPES class_name="INPUTTEXT" dbase_id="INPUTTEXT" creation_time="INPUTTEXT" modified_time="INPUTTEXT"/>
    <FOREIGN_KEYS/>
    <RELATIVES/>
  </TABLE_SETTINGS>
</DOCUMENT_ELEMENT>
