<?xml version="1.0" encoding="utf-8"?>
<DOCUMENT_ELEMENT table_name="savedwidget" creation_time="1547019081" modified_time="1547019081" table_version="0.0" module_version="1.00" table_class="Ayoola_Object_SavedWidget" creation_ip="2130706433">
  <RECORDS autoId="3">
    <TABLE_ROW ROW_ID="2">
      <TABLE_FIELD FIELD_KEY="widget_name"><![CDATA[Show Blog Posts [Default]]]></TABLE_FIELD>
      <TABLE_FIELD FIELD_KEY="class_name"><![CDATA[Ayoola_Page_Editor_Text]]></TABLE_FIELD>
      <TABLE_FIELD FIELD_KEY="parameters"><![CDATA[{&quot;widget_options&quot;:[&quot;embed_widgets&quot;,&quot;parameters&quot;,&quot;savings&quot;],&quot;savedwidget_id&quot;:&quot;&quot;,&quot;markup_template_object_name&quot;:[&quot;Application_Article_ShowAll&quot;],&quot;advanced_parameter_name&quot;:[&quot;pagination[0]&quot;,&quot;cover_photo_width&quot;,&quot;cover_photo_height&quot;,&quot;skip_ariticles_without_cover_photo[0]&quot;,&quot;add_a_new_post[0]&quot;,&quot;no_of_post_to_show[0]&quot;],&quot;advanced_parameter_value&quot;:[&quot;1&quot;,&quot;1800&quot;,&quot;1500&quot;,&quot;1&quot;,&quot;1&quot;,&quot;6&quot;],&quot;rebuild_widget&quot;:&quot;1&quot;,&quot;class_name&quot;:&quot;Ayoola_Page_Editor_Text&quot;,&quot;rebuild_widget_box&quot;:&quot;1&quot;,&quot;codes&quot;:&quot;\u003Ca href=\&quot;{{{post_link}}}\&quot;\u003E\u003Cimg class=\&quot;pc_give_space_top_bottom\&quot; style=\&quot;width:100%;\&quot; alt=\&quot;\&quot; src=\&quot;{{{document_url_cropped}}}\&quot;\u003E\u003C\/a\u003E\n\n\u003Cdiv class=\&quot;container pc_container\&quot;\u003E\n    \u003Ch3 class=\&quot;pc_give_space_top_bottom\&quot;\u003E\u003Ca href=\&quot;{{{post_link}}}\&quot;\u003E{{{article_title}}}\u003C\/a\u003E\u003C\/h3\u003E\n    \u003Cp class=\&quot;pc_give_space_top_bottom\&quot;\u003E\u003Ca target=\&quot;_blank\&quot; class=\&quot;a2a_dd btn btn-default\&quot; addthis:title=\&quot;{{{article_title}}}\&quot; addthis:description=\&quot;{{{article_description}}}\&quot; addthis:url=\&quot;{{{post_full_url}}}\&quot; href=\&quot;https:\/\/www.addtoany.com\/share?url={{{post_full_url}}}&amp;amp;title={{{post_type}}} - {{{article_title}}}\&quot;\u003E\n\u003Cspan style=\&quot;font-size:small;\&quot;\u003E Share \u003C\/span\u003E \u003Ci class=\&quot;fa fa-facebook\&quot;\u003E\u003C\/i\u003E \u003Ci class=\&quot;fa fa-twitter\&quot;\u003E\u003C\/i\u003E \u003Ci class=\&quot;fa fa-whatsapp\&quot;\u003E\u003C\/i\u003E \u003Ci class=\&quot;fa fa-share-alt\&quot;\u003E\u003C\/i\u003E \u003C\/a\u003E\u003C\/p\u003E\n    \u003Cp style=\&quot;font-size:small;\&quot; class=\&quot;pc_give_space_top_bottom\&quot;\u003E\u003Ca href=\&quot;\/music\/posts\/{{{post_type_id}}}\&quot;\u003E{{{post_type}}}\u003C\/a\u003E by \u003Ca href=\&quot;\/music\/{{{profile_url}}}\&quot;\u003E{{{display_name}}}\u003C\/a\u003E in {{{category_text}}}\u003C\/p\u003E\n       \n    \u003Cem class=\&quot;pc_give_space_top_bottom\&quot;\u003E{{{article_description}}}\u003C\/em\u003E\n    \u003Cdiv class=\&quot;pc_give_space_top_bottom\&quot;\u003E{{{article_content}}}\u003C\/div\u003E\n    \u003Cdiv class=\&quot;\&quot;\u003E\u003Ca href=\&quot;{{{post_link}}}\&quot;\u003EView \u003Ci class=\&quot;fa fa-eye pc_give_space\&quot;\u003E\u003C\/i\u003E {{{views_count_total}}}   \u003Ci class=\&quot;fa fa-comment pc_give_space\&quot;\u003E\u003C\/i\u003E {{{comments_count_total}}} \u003C\/a\u003E\u003C\/div\u003E\n    \u003Cdiv class=\&quot;pc_give_space_top_bottom\&quot;\u003E\u003Cspan style=\&quot;font-size:x-small;\&quot;\u003E\u003Ci class=\&quot;fa fa-clock-o \&quot;\u003E\u003C\/i\u003E {{{article_creation_date_filtered}}}\u003C\/span\u003E\u003C\/div\u003E\n\u003C\/div\u003E&quot;,&quot;preserved_content&quot;:&quot;&quot;,&quot;url_prefix&quot;:&quot;&quot;,&quot;name&quot;:&quot;Ayoola_Object_Preview&quot;,&quot;object_name&quot;:&quot;Ayoola_Page_Editor_Text&quot;,&quot;object_unique_id&quot;:&quot;fc90f345594eac07f48baeeac67fff98595&quot;,&quot;pagination[0]&quot;:&quot;1&quot;,&quot;cover_photo_width&quot;:&quot;1800&quot;,&quot;cover_photo_height&quot;:&quot;1500&quot;,&quot;skip_ariticles_without_cover_photo[0]&quot;:&quot;1&quot;,&quot;add_a_new_post[0]&quot;:&quot;1&quot;,&quot;no_of_post_to_show[0]&quot;:&quot;6&quot;}]]></TABLE_FIELD>
      <TABLE_FIELD FIELD_KEY="savedwidget_id"><![CDATA[1557353901-0-2]]></TABLE_FIELD>
      <TABLE_FIELD FIELD_KEY="creation_time"><![CDATA[1557353901]]></TABLE_FIELD>
      <TABLE_FIELD FIELD_KEY="modified_time"><![CDATA[]]></TABLE_FIELD>
    </TABLE_ROW>
  </RECORDS>
  <TABLE_SETTINGS>
    <DATA_TYPES class_name="INPUTTEXT" parameters="JSON" widget_name="INPUTTEXT" savedwidget_id="INPUTTEXT" creation_time="INPUTTEXT" modified_time="INPUTTEXT"/>
    <FOREIGN_KEYS/>
    <RELATIVES/>
  </TABLE_SETTINGS>
</DOCUMENT_ELEMENT>
