<?xml version="1.0" encoding="utf-8"?>
<DOCUMENT_ELEMENT table_name="widget" creation_time="1530921499" modified_time="1530921499" table_version="0.0" module_version="1.00" table_class="Ayoola_Object_Widget" creation_ip="2130706433">
  <RECORDS autoId="9">
    <TABLE_ROW ROW_ID="1">
      <TABLE_FIELD FIELD_KEY="class_name"><![CDATA[Application_Domain_UserSiteManager]]></TABLE_FIELD>
      <TABLE_FIELD FIELD_KEY="widget_id"><![CDATA[1530921500-0-1]]></TABLE_FIELD>
      <TABLE_FIELD FIELD_KEY="creation_time"><![CDATA[1530921499]]></TABLE_FIELD>
      <TABLE_FIELD FIELD_KEY="modified_time"><![CDATA[]]></TABLE_FIELD>
    </TABLE_ROW>
    <TABLE_ROW ROW_ID="2">
      <TABLE_FIELD FIELD_KEY="class_name"><![CDATA[PageCarton_Locale_Settings]]></TABLE_FIELD>
      <TABLE_FIELD FIELD_KEY="widget_id"><![CDATA[1533479550-0-2]]></TABLE_FIELD>
      <TABLE_FIELD FIELD_KEY="creation_time"><![CDATA[1533479550]]></TABLE_FIELD>
      <TABLE_FIELD FIELD_KEY="modified_time"><![CDATA[]]></TABLE_FIELD>
    </TABLE_ROW>
    <TABLE_ROW ROW_ID="3">
      <TABLE_FIELD FIELD_KEY="class_name"><![CDATA[Application_Domain_Registration_Api_Namecheap]]></TABLE_FIELD>
      <TABLE_FIELD FIELD_KEY="widget_id"><![CDATA[1535233501-0-3]]></TABLE_FIELD>
      <TABLE_FIELD FIELD_KEY="creation_time"><![CDATA[1535233501]]></TABLE_FIELD>
      <TABLE_FIELD FIELD_KEY="modified_time"><![CDATA[]]></TABLE_FIELD>
    </TABLE_ROW>
    <TABLE_ROW ROW_ID="4">
      <TABLE_FIELD FIELD_KEY="class_name"><![CDATA[PageCarton_NewSiteWizard]]></TABLE_FIELD>
      <TABLE_FIELD FIELD_KEY="widget_id"><![CDATA[1545613834-0-4]]></TABLE_FIELD>
      <TABLE_FIELD FIELD_KEY="creation_time"><![CDATA[1545613834]]></TABLE_FIELD>
      <TABLE_FIELD FIELD_KEY="modified_time"><![CDATA[]]></TABLE_FIELD>
    </TABLE_ROW>
    <TABLE_ROW ROW_ID="5">
      <TABLE_FIELD FIELD_KEY="class_name"><![CDATA[Application_Article_Publisher]]></TABLE_FIELD>
      <TABLE_FIELD FIELD_KEY="widget_id"><![CDATA[1545712060-0-5]]></TABLE_FIELD>
      <TABLE_FIELD FIELD_KEY="creation_time"><![CDATA[1545712060]]></TABLE_FIELD>
      <TABLE_FIELD FIELD_KEY="modified_time"><![CDATA[]]></TABLE_FIELD>
    </TABLE_ROW>
    <TABLE_ROW ROW_ID="6">
      <TABLE_FIELD FIELD_KEY="class_name"><![CDATA[Application_Share_Website]]></TABLE_FIELD>
      <TABLE_FIELD FIELD_KEY="widget_id"><![CDATA[1545722548-0-6]]></TABLE_FIELD>
      <TABLE_FIELD FIELD_KEY="creation_time"><![CDATA[1545722548]]></TABLE_FIELD>
      <TABLE_FIELD FIELD_KEY="modified_time"><![CDATA[]]></TABLE_FIELD>
    </TABLE_ROW>
    <TABLE_ROW ROW_ID="7">
      <TABLE_FIELD FIELD_KEY="class_name"><![CDATA[PageCarton_Head]]></TABLE_FIELD>
      <TABLE_FIELD FIELD_KEY="widget_id"><![CDATA[1546259701-0-7]]></TABLE_FIELD>
      <TABLE_FIELD FIELD_KEY="creation_time"><![CDATA[1546259701]]></TABLE_FIELD>
      <TABLE_FIELD FIELD_KEY="modified_time"><![CDATA[]]></TABLE_FIELD>
    </TABLE_ROW>
    <TABLE_ROW ROW_ID="8">
      <TABLE_FIELD FIELD_KEY="class_name"><![CDATA[Application_Domain_UserSiteManager_Creator]]></TABLE_FIELD>
      <TABLE_FIELD FIELD_KEY="widget_id"><![CDATA[1547482571-0-8]]></TABLE_FIELD>
      <TABLE_FIELD FIELD_KEY="creation_time"><![CDATA[1547482570]]></TABLE_FIELD>
      <TABLE_FIELD FIELD_KEY="modified_time"><![CDATA[]]></TABLE_FIELD>
    </TABLE_ROW>
  </RECORDS>
  <TABLE_SETTINGS>
    <DATA_TYPES class_name="INPUTTEXT" widget_id="INPUTTEXT" creation_time="INPUTTEXT" modified_time="INPUTTEXT"/>
    <FOREIGN_KEYS/>
    <RELATIVES/>
  </TABLE_SETTINGS>
</DOCUMENT_ELEMENT>
