<?xml version="1.0" encoding="utf-8"?>
<DOCUMENT_ELEMENT table_name="menu" creation_time="1488536072" table_version="0.08" module_version="1.00" table_class="Ayoola_Page_Menu_Menu" creation_ip="0">
  <RECORDS autoId="23">
    <TABLE_ROW ROW_ID="6">
      <TABLE_FIELD FIELD_KEY="menu_name"><![CDATA[admin]]></TABLE_FIELD>
      <TABLE_FIELD FIELD_KEY="menu_id"><![CDATA[9]]></TABLE_FIELD>
      <TABLE_FIELD FIELD_KEY="document_url"><![CDATA[/css/8/VerticalLight.css]]></TABLE_FIELD>
      <TABLE_FIELD FIELD_KEY="enabled"><![CDATA[1]]></TABLE_FIELD>
      <TABLE_FIELD FIELD_KEY="category_name"><![CDATA[null]]></TABLE_FIELD>
      <TABLE_FIELD FIELD_KEY="sort_order"><![CDATA[]]></TABLE_FIELD>
      <TABLE_FIELD FIELD_KEY="category_url"><![CDATA[]]></TABLE_FIELD>
      <TABLE_FIELD FIELD_KEY="url_integration_type"><![CDATA[]]></TABLE_FIELD>
      <TABLE_FIELD FIELD_KEY="menu_label"><![CDATA[Control Panel Options]]></TABLE_FIELD>
      <TABLE_FIELD FIELD_KEY="menu_options"><![CDATA[]]></TABLE_FIELD>
    </TABLE_ROW>
    <TABLE_ROW ROW_ID="16">
      <TABLE_FIELD FIELD_KEY="menu_name"><![CDATA[MyAccount]]></TABLE_FIELD>
      <TABLE_FIELD FIELD_KEY="document_url"><![CDATA[/css/8/VerticalLight.css]]></TABLE_FIELD>
      <TABLE_FIELD FIELD_KEY="enabled"><![CDATA[1]]></TABLE_FIELD>
      <TABLE_FIELD FIELD_KEY="menu_id"><![CDATA[24]]></TABLE_FIELD>
      <TABLE_FIELD FIELD_KEY="category_name"><![CDATA[null]]></TABLE_FIELD>
      <TABLE_FIELD FIELD_KEY="sort_order"><![CDATA[]]></TABLE_FIELD>
      <TABLE_FIELD FIELD_KEY="category_url"><![CDATA[]]></TABLE_FIELD>
      <TABLE_FIELD FIELD_KEY="url_integration_type"><![CDATA[]]></TABLE_FIELD>
      <TABLE_FIELD FIELD_KEY="menu_label"><![CDATA[My Account Options]]></TABLE_FIELD>
      <TABLE_FIELD FIELD_KEY="menu_options"><![CDATA[]]></TABLE_FIELD>
    </TABLE_ROW>
    <TABLE_ROW ROW_ID="19">
      <TABLE_FIELD FIELD_KEY="menu_name"><![CDATA[mainnav]]></TABLE_FIELD>
      <TABLE_FIELD FIELD_KEY="document_url"><![CDATA[]]></TABLE_FIELD>
      <TABLE_FIELD FIELD_KEY="category_name"><![CDATA[null]]></TABLE_FIELD>
      <TABLE_FIELD FIELD_KEY="category_url"><![CDATA[]]></TABLE_FIELD>
      <TABLE_FIELD FIELD_KEY="url_integration_type"><![CDATA[]]></TABLE_FIELD>
      <TABLE_FIELD FIELD_KEY="sort_order"><![CDATA[]]></TABLE_FIELD>
      <TABLE_FIELD FIELD_KEY="enabled"><![CDATA[0]]></TABLE_FIELD>
      <TABLE_FIELD FIELD_KEY="menu_id"><![CDATA[0-0-19]]></TABLE_FIELD>
      <TABLE_FIELD FIELD_KEY="menu_label"><![CDATA[Main Navigation]]></TABLE_FIELD>
      <TABLE_FIELD FIELD_KEY="menu_options"><![CDATA[]]></TABLE_FIELD>
      <TABLE_FIELD FIELD_KEY="modified_time"><![CDATA[1541850205]]></TABLE_FIELD>
    </TABLE_ROW>
    <TABLE_ROW ROW_ID="20">
      <TABLE_FIELD FIELD_KEY="menu_name"><![CDATA[menu_2]]></TABLE_FIELD>
      <TABLE_FIELD FIELD_KEY="document_url"><![CDATA[]]></TABLE_FIELD>
      <TABLE_FIELD FIELD_KEY="sort_order"><![CDATA[]]></TABLE_FIELD>
      <TABLE_FIELD FIELD_KEY="enabled"><![CDATA[0]]></TABLE_FIELD>
      <TABLE_FIELD FIELD_KEY="menu_id"><![CDATA[0-0-20]]></TABLE_FIELD>
      <TABLE_FIELD FIELD_KEY="menu_label"><![CDATA[Post Categories Menu]]></TABLE_FIELD>
      <TABLE_FIELD FIELD_KEY="menu_options"><![CDATA[a:1:{i:0;s:8:&quot;category&quot;;}]]></TABLE_FIELD>
      <TABLE_FIELD FIELD_KEY="category_url"><![CDATA[/posts/]]></TABLE_FIELD>
      <TABLE_FIELD FIELD_KEY="url_integration_type"><![CDATA[pc_module_url_values_offset]]></TABLE_FIELD>
      <TABLE_FIELD FIELD_KEY="category_name"><![CDATA[null]]></TABLE_FIELD>
    </TABLE_ROW>
    <TABLE_ROW ROW_ID="21">
      <TABLE_FIELD FIELD_KEY="menu_name"><![CDATA[sub_menu_1529201776]]></TABLE_FIELD>
      <TABLE_FIELD FIELD_KEY="document_url"><![CDATA[]]></TABLE_FIELD>
      <TABLE_FIELD FIELD_KEY="category_name"><![CDATA[null]]></TABLE_FIELD>
      <TABLE_FIELD FIELD_KEY="category_url"><![CDATA[]]></TABLE_FIELD>
      <TABLE_FIELD FIELD_KEY="url_integration_type"><![CDATA[]]></TABLE_FIELD>
      <TABLE_FIELD FIELD_KEY="sort_order"><![CDATA[]]></TABLE_FIELD>
      <TABLE_FIELD FIELD_KEY="enabled"><![CDATA[0]]></TABLE_FIELD>
      <TABLE_FIELD FIELD_KEY="menu_id"><![CDATA[0-0-21]]></TABLE_FIELD>
      <TABLE_FIELD FIELD_KEY="creation_time"><![CDATA[1529201886]]></TABLE_FIELD>
      <TABLE_FIELD FIELD_KEY="menu_label"><![CDATA[Responses]]></TABLE_FIELD>
      <TABLE_FIELD FIELD_KEY="menu_options"><![CDATA[]]></TABLE_FIELD>
      <TABLE_FIELD FIELD_KEY="modified_time"><![CDATA[1529203055]]></TABLE_FIELD>
    </TABLE_ROW>
    <TABLE_ROW ROW_ID="22">
      <TABLE_FIELD FIELD_KEY="menu_label"><![CDATA[System Settings Options]]></TABLE_FIELD>
      <TABLE_FIELD FIELD_KEY="menu_options"><![CDATA[]]></TABLE_FIELD>
      <TABLE_FIELD FIELD_KEY="menu_name"><![CDATA[sub_menu_1529498280]]></TABLE_FIELD>
      <TABLE_FIELD FIELD_KEY="document_url"><![CDATA[]]></TABLE_FIELD>
      <TABLE_FIELD FIELD_KEY="category_name"><![CDATA[null]]></TABLE_FIELD>
      <TABLE_FIELD FIELD_KEY="category_url"><![CDATA[]]></TABLE_FIELD>
      <TABLE_FIELD FIELD_KEY="url_integration_type"><![CDATA[]]></TABLE_FIELD>
      <TABLE_FIELD FIELD_KEY="sort_order"><![CDATA[]]></TABLE_FIELD>
      <TABLE_FIELD FIELD_KEY="enabled"><![CDATA[0]]></TABLE_FIELD>
      <TABLE_FIELD FIELD_KEY="menu_id"><![CDATA[1529498386-0-22]]></TABLE_FIELD>
      <TABLE_FIELD FIELD_KEY="creation_time"><![CDATA[1529498386]]></TABLE_FIELD>
    </TABLE_ROW>
  </RECORDS>
  <TABLE_SETTINGS>
    <DATA_TYPES menu_name="INPUTTEXT,UNIQUE" menu_label="INPUTTEXT" document_url="INPUTTEXT" menu_options="ARRAY" category_name="JSON" category_url="INPUTTEXT" url_integration_type="INPUTTEXT" sort_order="INPUTTEXT" enabled="INT" menu_id="INPUTTEXT"/>
    <FOREIGN_KEYS/>
    <RELATIVES/>
  </TABLE_SETTINGS>
</DOCUMENT_ELEMENT>
