<?xml version="1.0" encoding="utf-8"?>
<DOCUMENT_ELEMENT table_name="option" creation_time="1408390303" table_version="0.05" module_version="1.00" table_class="Ayoola_Page_Menu_Option" creation_ip="2130706433">
  <RECORDS autoId="109">
    <TABLE_ROW ROW_ID="1">
      <TABLE_FIELD FIELD_KEY="option_name"><![CDATA[Settings]]></TABLE_FIELD>
      <TABLE_FIELD FIELD_KEY="url"><![CDATA[/ayoola/settings/]]></TABLE_FIELD>
      <TABLE_FIELD FIELD_KEY="title"><![CDATA[Change Application Settings]]></TABLE_FIELD>
      <TABLE_FIELD FIELD_KEY="logged_in"><![CDATA[1]]></TABLE_FIELD>
      <TABLE_FIELD FIELD_KEY="logged_out"><![CDATA[0]]></TABLE_FIELD>
      <TABLE_FIELD FIELD_KEY="append_previous_url"><![CDATA[0]]></TABLE_FIELD>
      <TABLE_FIELD FIELD_KEY="enabled"><![CDATA[1]]></TABLE_FIELD>
      <TABLE_FIELD FIELD_KEY="auth_level"><![CDATA[i:4;]]></TABLE_FIELD>
      <TABLE_FIELD FIELD_KEY="menu_id"><![CDATA[10]]></TABLE_FIELD>
      <TABLE_FIELD FIELD_KEY="option_id"><![CDATA[54]]></TABLE_FIELD>
      <TABLE_FIELD FIELD_KEY="link_options"><![CDATA[N;]]></TABLE_FIELD>
      <TABLE_FIELD FIELD_KEY="sub_menu_name"><![CDATA[]]></TABLE_FIELD>
    </TABLE_ROW>
    <TABLE_ROW ROW_ID="2">
      <TABLE_FIELD FIELD_KEY="option_name"><![CDATA[Adverts]]></TABLE_FIELD>
      <TABLE_FIELD FIELD_KEY="url"><![CDATA[/ayoola/advert/]]></TABLE_FIELD>
      <TABLE_FIELD FIELD_KEY="title"><![CDATA[Manage Advertisement]]></TABLE_FIELD>
      <TABLE_FIELD FIELD_KEY="logged_in"><![CDATA[1]]></TABLE_FIELD>
      <TABLE_FIELD FIELD_KEY="logged_out"><![CDATA[0]]></TABLE_FIELD>
      <TABLE_FIELD FIELD_KEY="append_previous_url"><![CDATA[0]]></TABLE_FIELD>
      <TABLE_FIELD FIELD_KEY="enabled"><![CDATA[1]]></TABLE_FIELD>
      <TABLE_FIELD FIELD_KEY="auth_level"><![CDATA[i:4;]]></TABLE_FIELD>
      <TABLE_FIELD FIELD_KEY="menu_id"><![CDATA[8]]></TABLE_FIELD>
      <TABLE_FIELD FIELD_KEY="option_id"><![CDATA[52]]></TABLE_FIELD>
      <TABLE_FIELD FIELD_KEY="link_options"><![CDATA[N;]]></TABLE_FIELD>
      <TABLE_FIELD FIELD_KEY="sub_menu_name"><![CDATA[]]></TABLE_FIELD>
    </TABLE_ROW>
    <TABLE_ROW ROW_ID="3">
      <TABLE_FIELD FIELD_KEY="option_name"><![CDATA[Subscriptions]]></TABLE_FIELD>
      <TABLE_FIELD FIELD_KEY="url"><![CDATA[/ayoola/subscription/]]></TABLE_FIELD>
      <TABLE_FIELD FIELD_KEY="title"><![CDATA[Manage Subscriptions]]></TABLE_FIELD>
      <TABLE_FIELD FIELD_KEY="logged_in"><![CDATA[1]]></TABLE_FIELD>
      <TABLE_FIELD FIELD_KEY="logged_out"><![CDATA[0]]></TABLE_FIELD>
      <TABLE_FIELD FIELD_KEY="append_previous_url"><![CDATA[0]]></TABLE_FIELD>
      <TABLE_FIELD FIELD_KEY="enabled"><![CDATA[1]]></TABLE_FIELD>
      <TABLE_FIELD FIELD_KEY="auth_level"><![CDATA[i:4;]]></TABLE_FIELD>
      <TABLE_FIELD FIELD_KEY="menu_id"><![CDATA[8]]></TABLE_FIELD>
      <TABLE_FIELD FIELD_KEY="option_id"><![CDATA[51]]></TABLE_FIELD>
      <TABLE_FIELD FIELD_KEY="link_options"><![CDATA[N;]]></TABLE_FIELD>
      <TABLE_FIELD FIELD_KEY="sub_menu_name"><![CDATA[]]></TABLE_FIELD>
    </TABLE_ROW>
    <TABLE_ROW ROW_ID="4">
      <TABLE_FIELD FIELD_KEY="option_name"><![CDATA[Logo]]></TABLE_FIELD>
      <TABLE_FIELD FIELD_KEY="url"><![CDATA[/ayoola/logo/]]></TABLE_FIELD>
      <TABLE_FIELD FIELD_KEY="title"><![CDATA[Application Logo]]></TABLE_FIELD>
      <TABLE_FIELD FIELD_KEY="logged_in"><![CDATA[1]]></TABLE_FIELD>
      <TABLE_FIELD FIELD_KEY="logged_out"><![CDATA[0]]></TABLE_FIELD>
      <TABLE_FIELD FIELD_KEY="append_previous_url"><![CDATA[0]]></TABLE_FIELD>
      <TABLE_FIELD FIELD_KEY="enabled"><![CDATA[1]]></TABLE_FIELD>
      <TABLE_FIELD FIELD_KEY="auth_level"><![CDATA[i:4;]]></TABLE_FIELD>
      <TABLE_FIELD FIELD_KEY="menu_id"><![CDATA[23]]></TABLE_FIELD>
      <TABLE_FIELD FIELD_KEY="option_id"><![CDATA[50]]></TABLE_FIELD>
      <TABLE_FIELD FIELD_KEY="link_options"><![CDATA[N;]]></TABLE_FIELD>
      <TABLE_FIELD FIELD_KEY="sub_menu_name"><![CDATA[]]></TABLE_FIELD>
    </TABLE_ROW>
    <TABLE_ROW ROW_ID="5">
      <TABLE_FIELD FIELD_KEY="option_id"><![CDATA[49]]></TABLE_FIELD>
      <TABLE_FIELD FIELD_KEY="enabled"><![CDATA[1]]></TABLE_FIELD>
      <TABLE_FIELD FIELD_KEY="option_name"><![CDATA[SEO]]></TABLE_FIELD>
      <TABLE_FIELD FIELD_KEY="url"><![CDATA[/ayoola/seo/]]></TABLE_FIELD>
      <TABLE_FIELD FIELD_KEY="title"><![CDATA[Search Engine Optimization]]></TABLE_FIELD>
      <TABLE_FIELD FIELD_KEY="logged_in"><![CDATA[1]]></TABLE_FIELD>
      <TABLE_FIELD FIELD_KEY="logged_out"><![CDATA[0]]></TABLE_FIELD>
      <TABLE_FIELD FIELD_KEY="append_previous_url"><![CDATA[0]]></TABLE_FIELD>
      <TABLE_FIELD FIELD_KEY="auth_level"><![CDATA[i:4;]]></TABLE_FIELD>
      <TABLE_FIELD FIELD_KEY="menu_id"><![CDATA[7]]></TABLE_FIELD>
      <TABLE_FIELD FIELD_KEY="link_options"><![CDATA[N;]]></TABLE_FIELD>
      <TABLE_FIELD FIELD_KEY="sub_menu_name"><![CDATA[]]></TABLE_FIELD>
    </TABLE_ROW>
    <TABLE_ROW ROW_ID="6">
      <TABLE_FIELD FIELD_KEY="option_name"><![CDATA[Blog Home]]></TABLE_FIELD>
      <TABLE_FIELD FIELD_KEY="url"><![CDATA[/blog/]]></TABLE_FIELD>
      <TABLE_FIELD FIELD_KEY="title"><![CDATA[Browse the blogs]]></TABLE_FIELD>
      <TABLE_FIELD FIELD_KEY="logged_in"><![CDATA[1]]></TABLE_FIELD>
      <TABLE_FIELD FIELD_KEY="logged_out"><![CDATA[1]]></TABLE_FIELD>
      <TABLE_FIELD FIELD_KEY="append_previous_url"><![CDATA[0]]></TABLE_FIELD>
      <TABLE_FIELD FIELD_KEY="enabled"><![CDATA[1]]></TABLE_FIELD>
      <TABLE_FIELD FIELD_KEY="auth_level"><![CDATA[i:0;]]></TABLE_FIELD>
      <TABLE_FIELD FIELD_KEY="menu_id"><![CDATA[22]]></TABLE_FIELD>
      <TABLE_FIELD FIELD_KEY="option_id"><![CDATA[47]]></TABLE_FIELD>
      <TABLE_FIELD FIELD_KEY="link_options"><![CDATA[N;]]></TABLE_FIELD>
      <TABLE_FIELD FIELD_KEY="sub_menu_name"><![CDATA[]]></TABLE_FIELD>
    </TABLE_ROW>
    <TABLE_ROW ROW_ID="7">
      <TABLE_FIELD FIELD_KEY="option_name"><![CDATA[Help]]></TABLE_FIELD>
      <TABLE_FIELD FIELD_KEY="url"><![CDATA[/site/help/]]></TABLE_FIELD>
      <TABLE_FIELD FIELD_KEY="title"><![CDATA[Browse our help files]]></TABLE_FIELD>
      <TABLE_FIELD FIELD_KEY="logged_in"><![CDATA[1]]></TABLE_FIELD>
      <TABLE_FIELD FIELD_KEY="logged_out"><![CDATA[1]]></TABLE_FIELD>
      <TABLE_FIELD FIELD_KEY="append_previous_url"><![CDATA[0]]></TABLE_FIELD>
      <TABLE_FIELD FIELD_KEY="enabled"><![CDATA[1]]></TABLE_FIELD>
      <TABLE_FIELD FIELD_KEY="auth_level"><![CDATA[i:0;]]></TABLE_FIELD>
      <TABLE_FIELD FIELD_KEY="menu_id"><![CDATA[17]]></TABLE_FIELD>
      <TABLE_FIELD FIELD_KEY="option_id"><![CDATA[43]]></TABLE_FIELD>
      <TABLE_FIELD FIELD_KEY="link_options"><![CDATA[N;]]></TABLE_FIELD>
      <TABLE_FIELD FIELD_KEY="sub_menu_name"><![CDATA[]]></TABLE_FIELD>
    </TABLE_ROW>
    <TABLE_ROW ROW_ID="8">
      <TABLE_FIELD FIELD_KEY="option_name"><![CDATA[Contact Us]]></TABLE_FIELD>
      <TABLE_FIELD FIELD_KEY="url"><![CDATA[/site/contact/]]></TABLE_FIELD>
      <TABLE_FIELD FIELD_KEY="title"><![CDATA[Contact Us]]></TABLE_FIELD>
      <TABLE_FIELD FIELD_KEY="logged_in"><![CDATA[1]]></TABLE_FIELD>
      <TABLE_FIELD FIELD_KEY="logged_out"><![CDATA[1]]></TABLE_FIELD>
      <TABLE_FIELD FIELD_KEY="append_previous_url"><![CDATA[0]]></TABLE_FIELD>
      <TABLE_FIELD FIELD_KEY="enabled"><![CDATA[1]]></TABLE_FIELD>
      <TABLE_FIELD FIELD_KEY="auth_level"><![CDATA[i:0;]]></TABLE_FIELD>
      <TABLE_FIELD FIELD_KEY="menu_id"><![CDATA[17]]></TABLE_FIELD>
      <TABLE_FIELD FIELD_KEY="option_id"><![CDATA[42]]></TABLE_FIELD>
      <TABLE_FIELD FIELD_KEY="link_options"><![CDATA[N;]]></TABLE_FIELD>
      <TABLE_FIELD FIELD_KEY="sub_menu_name"><![CDATA[]]></TABLE_FIELD>
    </TABLE_ROW>
    <TABLE_ROW ROW_ID="9">
      <TABLE_FIELD FIELD_KEY="option_name"><![CDATA[Checkout]]></TABLE_FIELD>
      <TABLE_FIELD FIELD_KEY="url"><![CDATA[/ayoola/subscription/checkout]]></TABLE_FIELD>
      <TABLE_FIELD FIELD_KEY="title"><![CDATA[Checkout Options]]></TABLE_FIELD>
      <TABLE_FIELD FIELD_KEY="logged_in"><![CDATA[1]]></TABLE_FIELD>
      <TABLE_FIELD FIELD_KEY="logged_out"><![CDATA[0]]></TABLE_FIELD>
      <TABLE_FIELD FIELD_KEY="append_previous_url"><![CDATA[0]]></TABLE_FIELD>
      <TABLE_FIELD FIELD_KEY="enabled"><![CDATA[1]]></TABLE_FIELD>
      <TABLE_FIELD FIELD_KEY="auth_level"><![CDATA[i:4;]]></TABLE_FIELD>
      <TABLE_FIELD FIELD_KEY="menu_id"><![CDATA[8]]></TABLE_FIELD>
      <TABLE_FIELD FIELD_KEY="option_id"><![CDATA[39]]></TABLE_FIELD>
      <TABLE_FIELD FIELD_KEY="link_options"><![CDATA[N;]]></TABLE_FIELD>
      <TABLE_FIELD FIELD_KEY="sub_menu_name"><![CDATA[]]></TABLE_FIELD>
    </TABLE_ROW>
    <TABLE_ROW ROW_ID="11">
      <TABLE_FIELD FIELD_KEY="option_id"><![CDATA[37]]></TABLE_FIELD>
      <TABLE_FIELD FIELD_KEY="option_name"><![CDATA[View Cart]]></TABLE_FIELD>
      <TABLE_FIELD FIELD_KEY="url"><![CDATA[/onlinestore/cart]]></TABLE_FIELD>
      <TABLE_FIELD FIELD_KEY="title"><![CDATA[Shopping Cart]]></TABLE_FIELD>
      <TABLE_FIELD FIELD_KEY="logged_in"><![CDATA[1]]></TABLE_FIELD>
      <TABLE_FIELD FIELD_KEY="logged_out"><![CDATA[1]]></TABLE_FIELD>
      <TABLE_FIELD FIELD_KEY="append_previous_url"><![CDATA[0]]></TABLE_FIELD>
      <TABLE_FIELD FIELD_KEY="enabled"><![CDATA[1]]></TABLE_FIELD>
      <TABLE_FIELD FIELD_KEY="auth_level"><![CDATA[i:0;]]></TABLE_FIELD>
      <TABLE_FIELD FIELD_KEY="menu_id"><![CDATA[16]]></TABLE_FIELD>
      <TABLE_FIELD FIELD_KEY="link_options"><![CDATA[N;]]></TABLE_FIELD>
      <TABLE_FIELD FIELD_KEY="sub_menu_name"><![CDATA[]]></TABLE_FIELD>
    </TABLE_ROW>
    <TABLE_ROW ROW_ID="12">
      <TABLE_FIELD FIELD_KEY="option_id"><![CDATA[36]]></TABLE_FIELD>
      <TABLE_FIELD FIELD_KEY="option_name"><![CDATA[Checkout]]></TABLE_FIELD>
      <TABLE_FIELD FIELD_KEY="url"><![CDATA[/onlinestore/checkout]]></TABLE_FIELD>
      <TABLE_FIELD FIELD_KEY="title"><![CDATA[Checkout]]></TABLE_FIELD>
      <TABLE_FIELD FIELD_KEY="logged_in"><![CDATA[1]]></TABLE_FIELD>
      <TABLE_FIELD FIELD_KEY="logged_out"><![CDATA[1]]></TABLE_FIELD>
      <TABLE_FIELD FIELD_KEY="append_previous_url"><![CDATA[0]]></TABLE_FIELD>
      <TABLE_FIELD FIELD_KEY="enabled"><![CDATA[1]]></TABLE_FIELD>
      <TABLE_FIELD FIELD_KEY="auth_level"><![CDATA[i:0;]]></TABLE_FIELD>
      <TABLE_FIELD FIELD_KEY="menu_id"><![CDATA[16]]></TABLE_FIELD>
      <TABLE_FIELD FIELD_KEY="link_options"><![CDATA[N;]]></TABLE_FIELD>
      <TABLE_FIELD FIELD_KEY="sub_menu_name"><![CDATA[]]></TABLE_FIELD>
    </TABLE_ROW>
    <TABLE_ROW ROW_ID="13">
      <TABLE_FIELD FIELD_KEY="option_id"><![CDATA[33]]></TABLE_FIELD>
      <TABLE_FIELD FIELD_KEY="option_name"><![CDATA[Notification Messages]]></TABLE_FIELD>
      <TABLE_FIELD FIELD_KEY="url"><![CDATA[/ayoola/accounts/notification-message/]]></TABLE_FIELD>
      <TABLE_FIELD FIELD_KEY="title"><![CDATA[Manage Notification Messages]]></TABLE_FIELD>
      <TABLE_FIELD FIELD_KEY="logged_in"><![CDATA[1]]></TABLE_FIELD>
      <TABLE_FIELD FIELD_KEY="logged_out"><![CDATA[0]]></TABLE_FIELD>
      <TABLE_FIELD FIELD_KEY="append_previous_url"><![CDATA[0]]></TABLE_FIELD>
      <TABLE_FIELD FIELD_KEY="enabled"><![CDATA[1]]></TABLE_FIELD>
      <TABLE_FIELD FIELD_KEY="auth_level"><![CDATA[i:3;]]></TABLE_FIELD>
      <TABLE_FIELD FIELD_KEY="menu_id"><![CDATA[11]]></TABLE_FIELD>
      <TABLE_FIELD FIELD_KEY="link_options"><![CDATA[N;]]></TABLE_FIELD>
      <TABLE_FIELD FIELD_KEY="sub_menu_name"><![CDATA[]]></TABLE_FIELD>
    </TABLE_ROW>
    <TABLE_ROW ROW_ID="15">
      <TABLE_FIELD FIELD_KEY="option_name"><![CDATA[Access Levels]]></TABLE_FIELD>
      <TABLE_FIELD FIELD_KEY="url"><![CDATA[/ayoola/developer/access]]></TABLE_FIELD>
      <TABLE_FIELD FIELD_KEY="title"><![CDATA[Access Levels]]></TABLE_FIELD>
      <TABLE_FIELD FIELD_KEY="logged_in"><![CDATA[1]]></TABLE_FIELD>
      <TABLE_FIELD FIELD_KEY="logged_out"><![CDATA[0]]></TABLE_FIELD>
      <TABLE_FIELD FIELD_KEY="append_previous_url"><![CDATA[0]]></TABLE_FIELD>
      <TABLE_FIELD FIELD_KEY="enabled"><![CDATA[1]]></TABLE_FIELD>
      <TABLE_FIELD FIELD_KEY="auth_level"><![CDATA[i:99;]]></TABLE_FIELD>
      <TABLE_FIELD FIELD_KEY="menu_id"><![CDATA[10]]></TABLE_FIELD>
      <TABLE_FIELD FIELD_KEY="option_id"><![CDATA[30]]></TABLE_FIELD>
      <TABLE_FIELD FIELD_KEY="link_options"><![CDATA[N;]]></TABLE_FIELD>
      <TABLE_FIELD FIELD_KEY="sub_menu_name"><![CDATA[]]></TABLE_FIELD>
    </TABLE_ROW>
    <TABLE_ROW ROW_ID="16">
      <TABLE_FIELD FIELD_KEY="option_id"><![CDATA[29]]></TABLE_FIELD>
      <TABLE_FIELD FIELD_KEY="option_name"><![CDATA[Modules]]></TABLE_FIELD>
      <TABLE_FIELD FIELD_KEY="url"><![CDATA[/ayoola/developer/module]]></TABLE_FIELD>
      <TABLE_FIELD FIELD_KEY="title"><![CDATA[Manage Modules]]></TABLE_FIELD>
      <TABLE_FIELD FIELD_KEY="logged_in"><![CDATA[1]]></TABLE_FIELD>
      <TABLE_FIELD FIELD_KEY="logged_out"><![CDATA[0]]></TABLE_FIELD>
      <TABLE_FIELD FIELD_KEY="append_previous_url"><![CDATA[0]]></TABLE_FIELD>
      <TABLE_FIELD FIELD_KEY="enabled"><![CDATA[1]]></TABLE_FIELD>
      <TABLE_FIELD FIELD_KEY="auth_level"><![CDATA[i:5;]]></TABLE_FIELD>
      <TABLE_FIELD FIELD_KEY="menu_id"><![CDATA[10]]></TABLE_FIELD>
      <TABLE_FIELD FIELD_KEY="link_options"><![CDATA[N;]]></TABLE_FIELD>
      <TABLE_FIELD FIELD_KEY="sub_menu_name"><![CDATA[]]></TABLE_FIELD>
    </TABLE_ROW>
    <TABLE_ROW ROW_ID="18">
      <TABLE_FIELD FIELD_KEY="option_id"><![CDATA[27]]></TABLE_FIELD>
      <TABLE_FIELD FIELD_KEY="option_name"><![CDATA[Viewable Objects]]></TABLE_FIELD>
      <TABLE_FIELD FIELD_KEY="url"><![CDATA[/ayoola/developer/object/]]></TABLE_FIELD>
      <TABLE_FIELD FIELD_KEY="title"><![CDATA[Viewable Objects]]></TABLE_FIELD>
      <TABLE_FIELD FIELD_KEY="logged_in"><![CDATA[1]]></TABLE_FIELD>
      <TABLE_FIELD FIELD_KEY="logged_out"><![CDATA[0]]></TABLE_FIELD>
      <TABLE_FIELD FIELD_KEY="append_previous_url"><![CDATA[0]]></TABLE_FIELD>
      <TABLE_FIELD FIELD_KEY="enabled"><![CDATA[1]]></TABLE_FIELD>
      <TABLE_FIELD FIELD_KEY="auth_level"><![CDATA[i:5;]]></TABLE_FIELD>
      <TABLE_FIELD FIELD_KEY="menu_id"><![CDATA[10]]></TABLE_FIELD>
      <TABLE_FIELD FIELD_KEY="link_options"><![CDATA[N;]]></TABLE_FIELD>
      <TABLE_FIELD FIELD_KEY="sub_menu_name"><![CDATA[]]></TABLE_FIELD>
    </TABLE_ROW>
    <TABLE_ROW ROW_ID="22">
      <TABLE_FIELD FIELD_KEY="logged_in"><![CDATA[1]]></TABLE_FIELD>
      <TABLE_FIELD FIELD_KEY="logged_out"><![CDATA[1]]></TABLE_FIELD>
      <TABLE_FIELD FIELD_KEY="append_previous_url"><![CDATA[0]]></TABLE_FIELD>
      <TABLE_FIELD FIELD_KEY="enabled"><![CDATA[1]]></TABLE_FIELD>
      <TABLE_FIELD FIELD_KEY="option_id"><![CDATA[22]]></TABLE_FIELD>
      <TABLE_FIELD FIELD_KEY="option_name"><![CDATA[Contact]]></TABLE_FIELD>
      <TABLE_FIELD FIELD_KEY="url"><![CDATA[/site/contact/]]></TABLE_FIELD>
      <TABLE_FIELD FIELD_KEY="title"><![CDATA[View our contact Information]]></TABLE_FIELD>
      <TABLE_FIELD FIELD_KEY="link_options"><![CDATA[a:2:{i:0;s:9:&quot;logged_in&quot;;i:1;s:10:&quot;logged_out&quot;;}]]></TABLE_FIELD>
      <TABLE_FIELD FIELD_KEY="menu_id"><![CDATA[3]]></TABLE_FIELD>
      <TABLE_FIELD FIELD_KEY="auth_level"><![CDATA[i:0;]]></TABLE_FIELD>
      <TABLE_FIELD FIELD_KEY="sub_menu_name"><![CDATA[]]></TABLE_FIELD>
    </TABLE_ROW>
    <TABLE_ROW ROW_ID="23">
      <TABLE_FIELD FIELD_KEY="option_name"><![CDATA[Billing Cycles]]></TABLE_FIELD>
      <TABLE_FIELD FIELD_KEY="url"><![CDATA[/ayoola/subscription/cycle]]></TABLE_FIELD>
      <TABLE_FIELD FIELD_KEY="title"><![CDATA[Manage Billing Cycles]]></TABLE_FIELD>
      <TABLE_FIELD FIELD_KEY="logged_in"><![CDATA[1]]></TABLE_FIELD>
      <TABLE_FIELD FIELD_KEY="logged_out"><![CDATA[1]]></TABLE_FIELD>
      <TABLE_FIELD FIELD_KEY="append_previous_url"><![CDATA[0]]></TABLE_FIELD>
      <TABLE_FIELD FIELD_KEY="enabled"><![CDATA[1]]></TABLE_FIELD>
      <TABLE_FIELD FIELD_KEY="auth_level"><![CDATA[i:4;]]></TABLE_FIELD>
      <TABLE_FIELD FIELD_KEY="menu_id"><![CDATA[8]]></TABLE_FIELD>
      <TABLE_FIELD FIELD_KEY="option_id"><![CDATA[17]]></TABLE_FIELD>
      <TABLE_FIELD FIELD_KEY="link_options"><![CDATA[N;]]></TABLE_FIELD>
      <TABLE_FIELD FIELD_KEY="sub_menu_name"><![CDATA[]]></TABLE_FIELD>
    </TABLE_ROW>
    <TABLE_ROW ROW_ID="24">
      <TABLE_FIELD FIELD_KEY="option_name"><![CDATA[Layout]]></TABLE_FIELD>
      <TABLE_FIELD FIELD_KEY="url"><![CDATA[/ayoola/page/layout/]]></TABLE_FIELD>
      <TABLE_FIELD FIELD_KEY="title"><![CDATA[Application Layouts]]></TABLE_FIELD>
      <TABLE_FIELD FIELD_KEY="logged_in"><![CDATA[1]]></TABLE_FIELD>
      <TABLE_FIELD FIELD_KEY="logged_out"><![CDATA[0]]></TABLE_FIELD>
      <TABLE_FIELD FIELD_KEY="append_previous_url"><![CDATA[0]]></TABLE_FIELD>
      <TABLE_FIELD FIELD_KEY="enabled"><![CDATA[1]]></TABLE_FIELD>
      <TABLE_FIELD FIELD_KEY="auth_level"><![CDATA[i:4;]]></TABLE_FIELD>
      <TABLE_FIELD FIELD_KEY="menu_id"><![CDATA[7]]></TABLE_FIELD>
      <TABLE_FIELD FIELD_KEY="option_id"><![CDATA[16]]></TABLE_FIELD>
      <TABLE_FIELD FIELD_KEY="link_options"><![CDATA[N;]]></TABLE_FIELD>
      <TABLE_FIELD FIELD_KEY="sub_menu_name"><![CDATA[]]></TABLE_FIELD>
    </TABLE_ROW>
    <TABLE_ROW ROW_ID="25">
      <TABLE_FIELD FIELD_KEY="option_name"><![CDATA[Menu]]></TABLE_FIELD>
      <TABLE_FIELD FIELD_KEY="url"><![CDATA[/ayoola/page/menu/]]></TABLE_FIELD>
      <TABLE_FIELD FIELD_KEY="title"><![CDATA[Application Menu]]></TABLE_FIELD>
      <TABLE_FIELD FIELD_KEY="logged_in"><![CDATA[1]]></TABLE_FIELD>
      <TABLE_FIELD FIELD_KEY="logged_out"><![CDATA[0]]></TABLE_FIELD>
      <TABLE_FIELD FIELD_KEY="append_previous_url"><![CDATA[0]]></TABLE_FIELD>
      <TABLE_FIELD FIELD_KEY="enabled"><![CDATA[1]]></TABLE_FIELD>
      <TABLE_FIELD FIELD_KEY="auth_level"><![CDATA[i:4;]]></TABLE_FIELD>
      <TABLE_FIELD FIELD_KEY="menu_id"><![CDATA[7]]></TABLE_FIELD>
      <TABLE_FIELD FIELD_KEY="option_id"><![CDATA[15]]></TABLE_FIELD>
      <TABLE_FIELD FIELD_KEY="link_options"><![CDATA[N;]]></TABLE_FIELD>
      <TABLE_FIELD FIELD_KEY="sub_menu_name"><![CDATA[]]></TABLE_FIELD>
    </TABLE_ROW>
    <TABLE_ROW ROW_ID="31">
      <TABLE_FIELD FIELD_KEY="option_id"><![CDATA[8]]></TABLE_FIELD>
      <TABLE_FIELD FIELD_KEY="option_name"><![CDATA[Sign Out]]></TABLE_FIELD>
      <TABLE_FIELD FIELD_KEY="url"><![CDATA[/accounts/signout/]]></TABLE_FIELD>
      <TABLE_FIELD FIELD_KEY="title"><![CDATA[Sign out of this account]]></TABLE_FIELD>
      <TABLE_FIELD FIELD_KEY="logged_in"><![CDATA[1]]></TABLE_FIELD>
      <TABLE_FIELD FIELD_KEY="logged_out"><![CDATA[0]]></TABLE_FIELD>
      <TABLE_FIELD FIELD_KEY="append_previous_url"><![CDATA[1]]></TABLE_FIELD>
      <TABLE_FIELD FIELD_KEY="enabled"><![CDATA[1]]></TABLE_FIELD>
      <TABLE_FIELD FIELD_KEY="auth_level"><![CDATA[i:1;]]></TABLE_FIELD>
      <TABLE_FIELD FIELD_KEY="menu_id"><![CDATA[4]]></TABLE_FIELD>
      <TABLE_FIELD FIELD_KEY="link_options"><![CDATA[N;]]></TABLE_FIELD>
      <TABLE_FIELD FIELD_KEY="sub_menu_name"><![CDATA[]]></TABLE_FIELD>
    </TABLE_ROW>
    <TABLE_ROW ROW_ID="32">
      <TABLE_FIELD FIELD_KEY="option_id"><![CDATA[7]]></TABLE_FIELD>
      <TABLE_FIELD FIELD_KEY="title"><![CDATA[Sign In To An Existing Account]]></TABLE_FIELD>
      <TABLE_FIELD FIELD_KEY="logged_in"><![CDATA[0]]></TABLE_FIELD>
      <TABLE_FIELD FIELD_KEY="logged_out"><![CDATA[1]]></TABLE_FIELD>
      <TABLE_FIELD FIELD_KEY="append_previous_url"><![CDATA[1]]></TABLE_FIELD>
      <TABLE_FIELD FIELD_KEY="enabled"><![CDATA[1]]></TABLE_FIELD>
      <TABLE_FIELD FIELD_KEY="option_name"><![CDATA[Sign In]]></TABLE_FIELD>
      <TABLE_FIELD FIELD_KEY="url"><![CDATA[/account/signin/]]></TABLE_FIELD>
      <TABLE_FIELD FIELD_KEY="link_options"><![CDATA[a:2:{i:0;s:10:&quot;logged_out&quot;;i:1;s:19:&quot;append_previous_url&quot;;}]]></TABLE_FIELD>
      <TABLE_FIELD FIELD_KEY="menu_id"><![CDATA[4]]></TABLE_FIELD>
      <TABLE_FIELD FIELD_KEY="auth_level"><![CDATA[a:8:{i:0;s:1:&quot;1&quot;;i:1;s:1:&quot;3&quot;;i:2;s:1:&quot;0&quot;;i:3;s:1:&quot;2&quot;;i:4;s:2:&quot;97&quot;;i:5;s:1:&quot;4&quot;;i:6;s:2:&quot;98&quot;;i:7;s:2:&quot;99&quot;;}]]></TABLE_FIELD>
      <TABLE_FIELD FIELD_KEY="sub_menu_name"><![CDATA[]]></TABLE_FIELD>
    </TABLE_ROW>
    <TABLE_ROW ROW_ID="33">
      <TABLE_FIELD FIELD_KEY="option_name"><![CDATA[Email]]></TABLE_FIELD>
      <TABLE_FIELD FIELD_KEY="url"><![CDATA[/ayoola/accounts/email]]></TABLE_FIELD>
      <TABLE_FIELD FIELD_KEY="title"><![CDATA[Email Accounts]]></TABLE_FIELD>
      <TABLE_FIELD FIELD_KEY="logged_in"><![CDATA[1]]></TABLE_FIELD>
      <TABLE_FIELD FIELD_KEY="logged_out"><![CDATA[0]]></TABLE_FIELD>
      <TABLE_FIELD FIELD_KEY="append_previous_url"><![CDATA[0]]></TABLE_FIELD>
      <TABLE_FIELD FIELD_KEY="enabled"><![CDATA[1]]></TABLE_FIELD>
      <TABLE_FIELD FIELD_KEY="auth_level"><![CDATA[i:4;]]></TABLE_FIELD>
      <TABLE_FIELD FIELD_KEY="menu_id"><![CDATA[11]]></TABLE_FIELD>
      <TABLE_FIELD FIELD_KEY="option_id"><![CDATA[1]]></TABLE_FIELD>
      <TABLE_FIELD FIELD_KEY="link_options"><![CDATA[N;]]></TABLE_FIELD>
      <TABLE_FIELD FIELD_KEY="sub_menu_name"><![CDATA[]]></TABLE_FIELD>
    </TABLE_ROW>
    <TABLE_ROW ROW_ID="34">
      <TABLE_FIELD FIELD_KEY="option_name"><![CDATA[Send SMS]]></TABLE_FIELD>
      <TABLE_FIELD FIELD_KEY="url"><![CDATA[/sms/send/]]></TABLE_FIELD>
      <TABLE_FIELD FIELD_KEY="title"><![CDATA[Send an SMS Text Message NOW!]]></TABLE_FIELD>
      <TABLE_FIELD FIELD_KEY="logged_in"><![CDATA[1]]></TABLE_FIELD>
      <TABLE_FIELD FIELD_KEY="logged_out"><![CDATA[1]]></TABLE_FIELD>
      <TABLE_FIELD FIELD_KEY="append_previous_url"><![CDATA[0]]></TABLE_FIELD>
      <TABLE_FIELD FIELD_KEY="enabled"><![CDATA[1]]></TABLE_FIELD>
      <TABLE_FIELD FIELD_KEY="auth_level"><![CDATA[i:0;]]></TABLE_FIELD>
      <TABLE_FIELD FIELD_KEY="menu_id"><![CDATA[13]]></TABLE_FIELD>
      <TABLE_FIELD FIELD_KEY="option_id"><![CDATA[5]]></TABLE_FIELD>
      <TABLE_FIELD FIELD_KEY="link_options"><![CDATA[N;]]></TABLE_FIELD>
      <TABLE_FIELD FIELD_KEY="sub_menu_name"><![CDATA[]]></TABLE_FIELD>
    </TABLE_ROW>
    <TABLE_ROW ROW_ID="35">
      <TABLE_FIELD FIELD_KEY="option_name"><![CDATA[Resellers]]></TABLE_FIELD>
      <TABLE_FIELD FIELD_KEY="url"><![CDATA[/sms/reseller/]]></TABLE_FIELD>
      <TABLE_FIELD FIELD_KEY="title"><![CDATA[Make money while you resell our Premium Sms]]></TABLE_FIELD>
      <TABLE_FIELD FIELD_KEY="logged_in"><![CDATA[1]]></TABLE_FIELD>
      <TABLE_FIELD FIELD_KEY="logged_out"><![CDATA[1]]></TABLE_FIELD>
      <TABLE_FIELD FIELD_KEY="append_previous_url"><![CDATA[0]]></TABLE_FIELD>
      <TABLE_FIELD FIELD_KEY="enabled"><![CDATA[1]]></TABLE_FIELD>
      <TABLE_FIELD FIELD_KEY="auth_level"><![CDATA[i:0;]]></TABLE_FIELD>
      <TABLE_FIELD FIELD_KEY="menu_id"><![CDATA[13]]></TABLE_FIELD>
      <TABLE_FIELD FIELD_KEY="option_id"><![CDATA[6]]></TABLE_FIELD>
      <TABLE_FIELD FIELD_KEY="link_options"><![CDATA[N;]]></TABLE_FIELD>
      <TABLE_FIELD FIELD_KEY="sub_menu_name"><![CDATA[]]></TABLE_FIELD>
    </TABLE_ROW>
    <TABLE_ROW ROW_ID="36">
      <TABLE_FIELD FIELD_KEY="option_name"><![CDATA[Orders]]></TABLE_FIELD>
      <TABLE_FIELD FIELD_KEY="url"><![CDATA[/ayoola/onlinestore/checkout/order/]]></TABLE_FIELD>
      <TABLE_FIELD FIELD_KEY="title"><![CDATA[Orders placed on the Application]]></TABLE_FIELD>
      <TABLE_FIELD FIELD_KEY="logged_in"><![CDATA[1]]></TABLE_FIELD>
      <TABLE_FIELD FIELD_KEY="logged_out"><![CDATA[0]]></TABLE_FIELD>
      <TABLE_FIELD FIELD_KEY="append_previous_url"><![CDATA[0]]></TABLE_FIELD>
      <TABLE_FIELD FIELD_KEY="enabled"><![CDATA[1]]></TABLE_FIELD>
      <TABLE_FIELD FIELD_KEY="auth_level"><![CDATA[i:4;]]></TABLE_FIELD>
      <TABLE_FIELD FIELD_KEY="menu_id"><![CDATA[8]]></TABLE_FIELD>
      <TABLE_FIELD FIELD_KEY="option_id"><![CDATA[18]]></TABLE_FIELD>
      <TABLE_FIELD FIELD_KEY="link_options"><![CDATA[N;]]></TABLE_FIELD>
      <TABLE_FIELD FIELD_KEY="sub_menu_name"><![CDATA[]]></TABLE_FIELD>
    </TABLE_ROW>
    <TABLE_ROW ROW_ID="37">
      <TABLE_FIELD FIELD_KEY="option_name"><![CDATA[Bank Accounts]]></TABLE_FIELD>
      <TABLE_FIELD FIELD_KEY="url"><![CDATA[/ayoola/onlinestore/checkout/bankaccount/]]></TABLE_FIELD>
      <TABLE_FIELD FIELD_KEY="title"><![CDATA[Bank Account Information]]></TABLE_FIELD>
      <TABLE_FIELD FIELD_KEY="logged_in"><![CDATA[1]]></TABLE_FIELD>
      <TABLE_FIELD FIELD_KEY="logged_out"><![CDATA[0]]></TABLE_FIELD>
      <TABLE_FIELD FIELD_KEY="append_previous_url"><![CDATA[0]]></TABLE_FIELD>
      <TABLE_FIELD FIELD_KEY="enabled"><![CDATA[1]]></TABLE_FIELD>
      <TABLE_FIELD FIELD_KEY="auth_level"><![CDATA[i:4;]]></TABLE_FIELD>
      <TABLE_FIELD FIELD_KEY="menu_id"><![CDATA[8]]></TABLE_FIELD>
      <TABLE_FIELD FIELD_KEY="option_id"><![CDATA[23]]></TABLE_FIELD>
      <TABLE_FIELD FIELD_KEY="link_options"><![CDATA[N;]]></TABLE_FIELD>
      <TABLE_FIELD FIELD_KEY="sub_menu_name"><![CDATA[]]></TABLE_FIELD>
    </TABLE_ROW>
    <TABLE_ROW ROW_ID="38">
      <TABLE_FIELD FIELD_KEY="option_name"><![CDATA[Developers Home]]></TABLE_FIELD>
      <TABLE_FIELD FIELD_KEY="url"><![CDATA[/developer/]]></TABLE_FIELD>
      <TABLE_FIELD FIELD_KEY="title"><![CDATA[Developers Home]]></TABLE_FIELD>
      <TABLE_FIELD FIELD_KEY="logged_in"><![CDATA[1]]></TABLE_FIELD>
      <TABLE_FIELD FIELD_KEY="logged_out"><![CDATA[1]]></TABLE_FIELD>
      <TABLE_FIELD FIELD_KEY="append_previous_url"><![CDATA[0]]></TABLE_FIELD>
      <TABLE_FIELD FIELD_KEY="enabled"><![CDATA[1]]></TABLE_FIELD>
      <TABLE_FIELD FIELD_KEY="auth_level"><![CDATA[i:0;]]></TABLE_FIELD>
      <TABLE_FIELD FIELD_KEY="menu_id"><![CDATA[15]]></TABLE_FIELD>
      <TABLE_FIELD FIELD_KEY="option_id"><![CDATA[32]]></TABLE_FIELD>
      <TABLE_FIELD FIELD_KEY="link_options"><![CDATA[N;]]></TABLE_FIELD>
      <TABLE_FIELD FIELD_KEY="sub_menu_name"><![CDATA[]]></TABLE_FIELD>
    </TABLE_ROW>
    <TABLE_ROW ROW_ID="39">
      <TABLE_FIELD FIELD_KEY="option_name"><![CDATA[SMS]]></TABLE_FIELD>
      <TABLE_FIELD FIELD_KEY="url"><![CDATA[/sms/]]></TABLE_FIELD>
      <TABLE_FIELD FIELD_KEY="title"><![CDATA[Ayoola SMS]]></TABLE_FIELD>
      <TABLE_FIELD FIELD_KEY="logged_in"><![CDATA[1]]></TABLE_FIELD>
      <TABLE_FIELD FIELD_KEY="logged_out"><![CDATA[1]]></TABLE_FIELD>
      <TABLE_FIELD FIELD_KEY="append_previous_url"><![CDATA[0]]></TABLE_FIELD>
      <TABLE_FIELD FIELD_KEY="auth_level"><![CDATA[i:0;]]></TABLE_FIELD>
      <TABLE_FIELD FIELD_KEY="menu_id"><![CDATA[13]]></TABLE_FIELD>
      <TABLE_FIELD FIELD_KEY="enabled"><![CDATA[0]]></TABLE_FIELD>
      <TABLE_FIELD FIELD_KEY="option_id"><![CDATA[48]]></TABLE_FIELD>
      <TABLE_FIELD FIELD_KEY="link_options"><![CDATA[N;]]></TABLE_FIELD>
      <TABLE_FIELD FIELD_KEY="sub_menu_name"><![CDATA[]]></TABLE_FIELD>
    </TABLE_ROW>
    <TABLE_ROW ROW_ID="40">
      <TABLE_FIELD FIELD_KEY="enabled"><![CDATA[0]]></TABLE_FIELD>
      <TABLE_FIELD FIELD_KEY="option_id"><![CDATA[55]]></TABLE_FIELD>
      <TABLE_FIELD FIELD_KEY="option_name"><![CDATA[Domains]]></TABLE_FIELD>
      <TABLE_FIELD FIELD_KEY="url"><![CDATA[/ayoola/domain/]]></TABLE_FIELD>
      <TABLE_FIELD FIELD_KEY="title"><![CDATA[Manage Domains]]></TABLE_FIELD>
      <TABLE_FIELD FIELD_KEY="logged_in"><![CDATA[1]]></TABLE_FIELD>
      <TABLE_FIELD FIELD_KEY="logged_out"><![CDATA[0]]></TABLE_FIELD>
      <TABLE_FIELD FIELD_KEY="append_previous_url"><![CDATA[0]]></TABLE_FIELD>
      <TABLE_FIELD FIELD_KEY="auth_level"><![CDATA[i:99;]]></TABLE_FIELD>
      <TABLE_FIELD FIELD_KEY="menu_id"><![CDATA[10]]></TABLE_FIELD>
      <TABLE_FIELD FIELD_KEY="link_options"><![CDATA[N;]]></TABLE_FIELD>
      <TABLE_FIELD FIELD_KEY="sub_menu_name"><![CDATA[]]></TABLE_FIELD>
    </TABLE_ROW>
    <TABLE_ROW ROW_ID="41">
      <TABLE_FIELD FIELD_KEY="enabled"><![CDATA[0]]></TABLE_FIELD>
      <TABLE_FIELD FIELD_KEY="option_id"><![CDATA[56]]></TABLE_FIELD>
      <TABLE_FIELD FIELD_KEY="option_name"><![CDATA[Cron Jobs]]></TABLE_FIELD>
      <TABLE_FIELD FIELD_KEY="url"><![CDATA[/ayoola/developer/cron/]]></TABLE_FIELD>
      <TABLE_FIELD FIELD_KEY="title"><![CDATA[Schedule Tasks with Cron]]></TABLE_FIELD>
      <TABLE_FIELD FIELD_KEY="logged_in"><![CDATA[1]]></TABLE_FIELD>
      <TABLE_FIELD FIELD_KEY="logged_out"><![CDATA[0]]></TABLE_FIELD>
      <TABLE_FIELD FIELD_KEY="append_previous_url"><![CDATA[0]]></TABLE_FIELD>
      <TABLE_FIELD FIELD_KEY="auth_level"><![CDATA[i:4;]]></TABLE_FIELD>
      <TABLE_FIELD FIELD_KEY="menu_id"><![CDATA[10]]></TABLE_FIELD>
      <TABLE_FIELD FIELD_KEY="link_options"><![CDATA[N;]]></TABLE_FIELD>
      <TABLE_FIELD FIELD_KEY="sub_menu_name"><![CDATA[]]></TABLE_FIELD>
    </TABLE_ROW>
    <TABLE_ROW ROW_ID="42">
      <TABLE_FIELD FIELD_KEY="option_name"><![CDATA[APIs]]></TABLE_FIELD>
      <TABLE_FIELD FIELD_KEY="url"><![CDATA[/ayoola/developer/api/]]></TABLE_FIELD>
      <TABLE_FIELD FIELD_KEY="title"><![CDATA[Manage API Connections]]></TABLE_FIELD>
      <TABLE_FIELD FIELD_KEY="logged_in"><![CDATA[1]]></TABLE_FIELD>
      <TABLE_FIELD FIELD_KEY="logged_out"><![CDATA[0]]></TABLE_FIELD>
      <TABLE_FIELD FIELD_KEY="append_previous_url"><![CDATA[0]]></TABLE_FIELD>
      <TABLE_FIELD FIELD_KEY="auth_level"><![CDATA[i:99;]]></TABLE_FIELD>
      <TABLE_FIELD FIELD_KEY="menu_id"><![CDATA[10]]></TABLE_FIELD>
      <TABLE_FIELD FIELD_KEY="enabled"><![CDATA[0]]></TABLE_FIELD>
      <TABLE_FIELD FIELD_KEY="option_id"><![CDATA[57]]></TABLE_FIELD>
      <TABLE_FIELD FIELD_KEY="link_options"><![CDATA[N;]]></TABLE_FIELD>
      <TABLE_FIELD FIELD_KEY="sub_menu_name"><![CDATA[]]></TABLE_FIELD>
    </TABLE_ROW>
    <TABLE_ROW ROW_ID="43">
      <TABLE_FIELD FIELD_KEY="option_name"><![CDATA[Databases]]></TABLE_FIELD>
      <TABLE_FIELD FIELD_KEY="url"><![CDATA[/ayoola/database/]]></TABLE_FIELD>
      <TABLE_FIELD FIELD_KEY="title"><![CDATA[Manage Databases]]></TABLE_FIELD>
      <TABLE_FIELD FIELD_KEY="logged_in"><![CDATA[1]]></TABLE_FIELD>
      <TABLE_FIELD FIELD_KEY="logged_out"><![CDATA[0]]></TABLE_FIELD>
      <TABLE_FIELD FIELD_KEY="append_previous_url"><![CDATA[0]]></TABLE_FIELD>
      <TABLE_FIELD FIELD_KEY="auth_level"><![CDATA[i:4;]]></TABLE_FIELD>
      <TABLE_FIELD FIELD_KEY="menu_id"><![CDATA[10]]></TABLE_FIELD>
      <TABLE_FIELD FIELD_KEY="enabled"><![CDATA[0]]></TABLE_FIELD>
      <TABLE_FIELD FIELD_KEY="option_id"><![CDATA[58]]></TABLE_FIELD>
      <TABLE_FIELD FIELD_KEY="link_options"><![CDATA[N;]]></TABLE_FIELD>
      <TABLE_FIELD FIELD_KEY="sub_menu_name"><![CDATA[]]></TABLE_FIELD>
    </TABLE_ROW>
    <TABLE_ROW ROW_ID="45">
      <TABLE_FIELD FIELD_KEY="title"><![CDATA[My Account Home]]></TABLE_FIELD>
      <TABLE_FIELD FIELD_KEY="logged_in"><![CDATA[0]]></TABLE_FIELD>
      <TABLE_FIELD FIELD_KEY="logged_out"><![CDATA[0]]></TABLE_FIELD>
      <TABLE_FIELD FIELD_KEY="append_previous_url"><![CDATA[0]]></TABLE_FIELD>
      <TABLE_FIELD FIELD_KEY="enabled"><![CDATA[0]]></TABLE_FIELD>
      <TABLE_FIELD FIELD_KEY="option_id"><![CDATA[3]]></TABLE_FIELD>
      <TABLE_FIELD FIELD_KEY="option_name"><![CDATA[My Account]]></TABLE_FIELD>
      <TABLE_FIELD FIELD_KEY="url"><![CDATA[/account]]></TABLE_FIELD>
      <TABLE_FIELD FIELD_KEY="link_options"><![CDATA[a:1:{i:0;s:9:&quot;logged_in&quot;;}]]></TABLE_FIELD>
      <TABLE_FIELD FIELD_KEY="menu_id"><![CDATA[]]></TABLE_FIELD>
      <TABLE_FIELD FIELD_KEY="auth_level"><![CDATA[a:1:{i:0;s:1:&quot;1&quot;;}]]></TABLE_FIELD>
      <TABLE_FIELD FIELD_KEY="sub_menu_name"><![CDATA[]]></TABLE_FIELD>
      <TABLE_FIELD FIELD_KEY="modified_time"><![CDATA[1530353255]]></TABLE_FIELD>
    </TABLE_ROW>
    <TABLE_ROW ROW_ID="46">
      <TABLE_FIELD FIELD_KEY="logged_in"><![CDATA[0]]></TABLE_FIELD>
      <TABLE_FIELD FIELD_KEY="logged_out"><![CDATA[0]]></TABLE_FIELD>
      <TABLE_FIELD FIELD_KEY="append_previous_url"><![CDATA[0]]></TABLE_FIELD>
      <TABLE_FIELD FIELD_KEY="enabled"><![CDATA[0]]></TABLE_FIELD>
      <TABLE_FIELD FIELD_KEY="option_id"><![CDATA[4]]></TABLE_FIELD>
      <TABLE_FIELD FIELD_KEY="title"><![CDATA[Manage the website]]></TABLE_FIELD>
      <TABLE_FIELD FIELD_KEY="option_name"><![CDATA[Control Panel]]></TABLE_FIELD>
      <TABLE_FIELD FIELD_KEY="url"><![CDATA[/pc-admin]]></TABLE_FIELD>
      <TABLE_FIELD FIELD_KEY="link_options"><![CDATA[a:1:{i:0;s:9:&quot;logged_in&quot;;}]]></TABLE_FIELD>
      <TABLE_FIELD FIELD_KEY="menu_id"><![CDATA[24]]></TABLE_FIELD>
      <TABLE_FIELD FIELD_KEY="auth_level"><![CDATA[a:2:{i:0;s:2:&quot;98&quot;;i:1;s:2:&quot;99&quot;;}]]></TABLE_FIELD>
      <TABLE_FIELD FIELD_KEY="sub_menu_name"><![CDATA[]]></TABLE_FIELD>
    </TABLE_ROW>
    <TABLE_ROW ROW_ID="47">
      <TABLE_FIELD FIELD_KEY="logged_in"><![CDATA[0]]></TABLE_FIELD>
      <TABLE_FIELD FIELD_KEY="logged_out"><![CDATA[0]]></TABLE_FIELD>
      <TABLE_FIELD FIELD_KEY="append_previous_url"><![CDATA[0]]></TABLE_FIELD>
      <TABLE_FIELD FIELD_KEY="enabled"><![CDATA[0]]></TABLE_FIELD>
      <TABLE_FIELD FIELD_KEY="option_id"><![CDATA[10]]></TABLE_FIELD>
      <TABLE_FIELD FIELD_KEY="option_name"><![CDATA[My Account]]></TABLE_FIELD>
      <TABLE_FIELD FIELD_KEY="url"><![CDATA[/account/]]></TABLE_FIELD>
      <TABLE_FIELD FIELD_KEY="title"><![CDATA[Manage My Account Options]]></TABLE_FIELD>
      <TABLE_FIELD FIELD_KEY="link_options"><![CDATA[a:1:{i:0;s:9:&quot;logged_in&quot;;}]]></TABLE_FIELD>
      <TABLE_FIELD FIELD_KEY="auth_level"><![CDATA[i:1;]]></TABLE_FIELD>
      <TABLE_FIELD FIELD_KEY="sub_menu_name"><![CDATA[0]]></TABLE_FIELD>
      <TABLE_FIELD FIELD_KEY="menu_id"><![CDATA[4]]></TABLE_FIELD>
    </TABLE_ROW>
    <TABLE_ROW ROW_ID="53">
      <TABLE_FIELD FIELD_KEY="logged_in"><![CDATA[0]]></TABLE_FIELD>
      <TABLE_FIELD FIELD_KEY="logged_out"><![CDATA[0]]></TABLE_FIELD>
      <TABLE_FIELD FIELD_KEY="append_previous_url"><![CDATA[0]]></TABLE_FIELD>
      <TABLE_FIELD FIELD_KEY="enabled"><![CDATA[0]]></TABLE_FIELD>
      <TABLE_FIELD FIELD_KEY="option_id"><![CDATA[2]]></TABLE_FIELD>
      <TABLE_FIELD FIELD_KEY="option_name"><![CDATA[Post Settings]]></TABLE_FIELD>
      <TABLE_FIELD FIELD_KEY="url"><![CDATA[/tools/classplayer/get/object_name/Application_Settings_Editor/settingsname_name/Articles/]]></TABLE_FIELD>
      <TABLE_FIELD FIELD_KEY="title"><![CDATA[Advanced PostSettings]]></TABLE_FIELD>
      <TABLE_FIELD FIELD_KEY="link_options"><![CDATA[a:2:{i:0;s:9:&quot;logged_in&quot;;i:1;s:9:&quot;spotlight&quot;;}]]></TABLE_FIELD>
      <TABLE_FIELD FIELD_KEY="auth_level"><![CDATA[i:99;]]></TABLE_FIELD>
      <TABLE_FIELD FIELD_KEY="sub_menu_name"><![CDATA[0]]></TABLE_FIELD>
      <TABLE_FIELD FIELD_KEY="menu_id"><![CDATA[100]]></TABLE_FIELD>
    </TABLE_ROW>
    <TABLE_ROW ROW_ID="54">
      <TABLE_FIELD FIELD_KEY="logged_in"><![CDATA[0]]></TABLE_FIELD>
      <TABLE_FIELD FIELD_KEY="logged_out"><![CDATA[0]]></TABLE_FIELD>
      <TABLE_FIELD FIELD_KEY="append_previous_url"><![CDATA[0]]></TABLE_FIELD>
      <TABLE_FIELD FIELD_KEY="enabled"><![CDATA[0]]></TABLE_FIELD>
      <TABLE_FIELD FIELD_KEY="option_id"><![CDATA[46]]></TABLE_FIELD>
      <TABLE_FIELD FIELD_KEY="option_name"><![CDATA[Create a new post]]></TABLE_FIELD>
      <TABLE_FIELD FIELD_KEY="url"><![CDATA[/article/post/creator/]]></TABLE_FIELD>
      <TABLE_FIELD FIELD_KEY="title"><![CDATA[Create a new post]]></TABLE_FIELD>
      <TABLE_FIELD FIELD_KEY="link_options"><![CDATA[a:1:{i:0;s:9:&quot;logged_in&quot;;}]]></TABLE_FIELD>
      <TABLE_FIELD FIELD_KEY="auth_level"><![CDATA[i:99;]]></TABLE_FIELD>
      <TABLE_FIELD FIELD_KEY="sub_menu_name"><![CDATA[0]]></TABLE_FIELD>
      <TABLE_FIELD FIELD_KEY="menu_id"><![CDATA[100]]></TABLE_FIELD>
    </TABLE_ROW>
    <TABLE_ROW ROW_ID="56">
      <TABLE_FIELD FIELD_KEY="logged_in"><![CDATA[0]]></TABLE_FIELD>
      <TABLE_FIELD FIELD_KEY="logged_out"><![CDATA[0]]></TABLE_FIELD>
      <TABLE_FIELD FIELD_KEY="append_previous_url"><![CDATA[0]]></TABLE_FIELD>
      <TABLE_FIELD FIELD_KEY="enabled"><![CDATA[0]]></TABLE_FIELD>
      <TABLE_FIELD FIELD_KEY="option_id"><![CDATA[64]]></TABLE_FIELD>
      <TABLE_FIELD FIELD_KEY="option_name"><![CDATA[File Manager]]></TABLE_FIELD>
      <TABLE_FIELD FIELD_KEY="url"><![CDATA[/ayoola/thirdparty/Filemanager/index.php]]></TABLE_FIELD>
      <TABLE_FIELD FIELD_KEY="title"><![CDATA[Upload, edit and delete documents]]></TABLE_FIELD>
      <TABLE_FIELD FIELD_KEY="link_options"><![CDATA[a:2:{i:0;s:9:&quot;logged_in&quot;;i:1;s:9:&quot;spotlight&quot;;}]]></TABLE_FIELD>
      <TABLE_FIELD FIELD_KEY="auth_level"><![CDATA[i:4;]]></TABLE_FIELD>
      <TABLE_FIELD FIELD_KEY="sub_menu_name"><![CDATA[0]]></TABLE_FIELD>
      <TABLE_FIELD FIELD_KEY="menu_id"><![CDATA[23]]></TABLE_FIELD>
    </TABLE_ROW>
    <TABLE_ROW ROW_ID="58">
      <TABLE_FIELD FIELD_KEY="option_name"><![CDATA[Products and Services]]></TABLE_FIELD>
      <TABLE_FIELD FIELD_KEY="url"><![CDATA[/tools/classplayer/get/object_name/Application_Subscription_List/]]></TABLE_FIELD>
      <TABLE_FIELD FIELD_KEY="title"><![CDATA[Manage Products and Services]]></TABLE_FIELD>
      <TABLE_FIELD FIELD_KEY="link_options"><![CDATA[a:1:{i:0;s:9:&quot;logged_in&quot;;}]]></TABLE_FIELD>
      <TABLE_FIELD FIELD_KEY="auth_level"><![CDATA[i:99;]]></TABLE_FIELD>
      <TABLE_FIELD FIELD_KEY="sub_menu_name"><![CDATA[0]]></TABLE_FIELD>
      <TABLE_FIELD FIELD_KEY="menu_id"><![CDATA[16]]></TABLE_FIELD>
      <TABLE_FIELD FIELD_KEY="logged_in"><![CDATA[0]]></TABLE_FIELD>
      <TABLE_FIELD FIELD_KEY="logged_out"><![CDATA[0]]></TABLE_FIELD>
      <TABLE_FIELD FIELD_KEY="append_previous_url"><![CDATA[0]]></TABLE_FIELD>
      <TABLE_FIELD FIELD_KEY="enabled"><![CDATA[0]]></TABLE_FIELD>
      <TABLE_FIELD FIELD_KEY="option_id"><![CDATA[66]]></TABLE_FIELD>
    </TABLE_ROW>
    <TABLE_ROW ROW_ID="60">
      <TABLE_FIELD FIELD_KEY="logged_in"><![CDATA[0]]></TABLE_FIELD>
      <TABLE_FIELD FIELD_KEY="logged_out"><![CDATA[0]]></TABLE_FIELD>
      <TABLE_FIELD FIELD_KEY="append_previous_url"><![CDATA[0]]></TABLE_FIELD>
      <TABLE_FIELD FIELD_KEY="enabled"><![CDATA[0]]></TABLE_FIELD>
      <TABLE_FIELD FIELD_KEY="option_id"><![CDATA[71368]]></TABLE_FIELD>
      <TABLE_FIELD FIELD_KEY="option_name"><![CDATA[Pages]]></TABLE_FIELD>
      <TABLE_FIELD FIELD_KEY="url"><![CDATA[/ayoola/page/]]></TABLE_FIELD>
      <TABLE_FIELD FIELD_KEY="title"><![CDATA[Administer Pages on this website]]></TABLE_FIELD>
      <TABLE_FIELD FIELD_KEY="link_options"><![CDATA[a:1:{i:0;s:9:&quot;logged_in&quot;;}]]></TABLE_FIELD>
      <TABLE_FIELD FIELD_KEY="auth_level"><![CDATA[i:4;]]></TABLE_FIELD>
      <TABLE_FIELD FIELD_KEY="sub_menu_name"><![CDATA[0]]></TABLE_FIELD>
      <TABLE_FIELD FIELD_KEY="menu_id"><![CDATA[7]]></TABLE_FIELD>
    </TABLE_ROW>
    <TABLE_ROW ROW_ID="61">
      <TABLE_FIELD FIELD_KEY="option_name"><![CDATA[Users]]></TABLE_FIELD>
      <TABLE_FIELD FIELD_KEY="url"><![CDATA[/ayoola/accounts/]]></TABLE_FIELD>
      <TABLE_FIELD FIELD_KEY="title"><![CDATA[Administer Users of this website]]></TABLE_FIELD>
      <TABLE_FIELD FIELD_KEY="link_options"><![CDATA[a:1:{i:0;s:9:&quot;logged_in&quot;;}]]></TABLE_FIELD>
      <TABLE_FIELD FIELD_KEY="auth_level"><![CDATA[i:4;]]></TABLE_FIELD>
      <TABLE_FIELD FIELD_KEY="sub_menu_name"><![CDATA[0]]></TABLE_FIELD>
      <TABLE_FIELD FIELD_KEY="menu_id"><![CDATA[11]]></TABLE_FIELD>
      <TABLE_FIELD FIELD_KEY="logged_in"><![CDATA[0]]></TABLE_FIELD>
      <TABLE_FIELD FIELD_KEY="logged_out"><![CDATA[0]]></TABLE_FIELD>
      <TABLE_FIELD FIELD_KEY="append_previous_url"><![CDATA[0]]></TABLE_FIELD>
      <TABLE_FIELD FIELD_KEY="enabled"><![CDATA[0]]></TABLE_FIELD>
      <TABLE_FIELD FIELD_KEY="option_id"><![CDATA[71369]]></TABLE_FIELD>
    </TABLE_ROW>
    <TABLE_ROW ROW_ID="62">
      <TABLE_FIELD FIELD_KEY="logged_in"><![CDATA[0]]></TABLE_FIELD>
      <TABLE_FIELD FIELD_KEY="logged_out"><![CDATA[0]]></TABLE_FIELD>
      <TABLE_FIELD FIELD_KEY="append_previous_url"><![CDATA[0]]></TABLE_FIELD>
      <TABLE_FIELD FIELD_KEY="enabled"><![CDATA[0]]></TABLE_FIELD>
      <TABLE_FIELD FIELD_KEY="option_id"><![CDATA[713-0-19]]></TABLE_FIELD>
      <TABLE_FIELD FIELD_KEY="auth_level"><![CDATA[i:4;]]></TABLE_FIELD>
      <TABLE_FIELD FIELD_KEY="sub_menu_name"><![CDATA[0]]></TABLE_FIELD>
      <TABLE_FIELD FIELD_KEY="option_name"><![CDATA[Forms]]></TABLE_FIELD>
      <TABLE_FIELD FIELD_KEY="url"><![CDATA[/tools/classplayer/get/object_name/Ayoola_Form_List/]]></TABLE_FIELD>
      <TABLE_FIELD FIELD_KEY="title"><![CDATA[Form requirement options]]></TABLE_FIELD>
      <TABLE_FIELD FIELD_KEY="link_options"><![CDATA[a:2:{i:0;s:9:&quot;logged_in&quot;;i:1;s:9:&quot;spotlight&quot;;}]]></TABLE_FIELD>
      <TABLE_FIELD FIELD_KEY="menu_id"><![CDATA[10]]></TABLE_FIELD>
    </TABLE_ROW>
    <TABLE_ROW ROW_ID="63">
      <TABLE_FIELD FIELD_KEY="logged_in"><![CDATA[0]]></TABLE_FIELD>
      <TABLE_FIELD FIELD_KEY="logged_out"><![CDATA[0]]></TABLE_FIELD>
      <TABLE_FIELD FIELD_KEY="append_previous_url"><![CDATA[0]]></TABLE_FIELD>
      <TABLE_FIELD FIELD_KEY="enabled"><![CDATA[0]]></TABLE_FIELD>
      <TABLE_FIELD FIELD_KEY="option_id"><![CDATA[997-0-35]]></TABLE_FIELD>
      <TABLE_FIELD FIELD_KEY="title"><![CDATA[]]></TABLE_FIELD>
      <TABLE_FIELD FIELD_KEY="option_name"><![CDATA[Admin]]></TABLE_FIELD>
      <TABLE_FIELD FIELD_KEY="url"><![CDATA[/pc-admin]]></TABLE_FIELD>
      <TABLE_FIELD FIELD_KEY="link_options"><![CDATA[a:1:{i:0;s:9:&quot;logged_in&quot;;}]]></TABLE_FIELD>
      <TABLE_FIELD FIELD_KEY="menu_id"><![CDATA[4]]></TABLE_FIELD>
      <TABLE_FIELD FIELD_KEY="auth_level"><![CDATA[a:1:{i:0;s:2:&quot;99&quot;;}]]></TABLE_FIELD>
      <TABLE_FIELD FIELD_KEY="sub_menu_name"><![CDATA[]]></TABLE_FIELD>
    </TABLE_ROW>
    <TABLE_ROW ROW_ID="66">
      <TABLE_FIELD FIELD_KEY="option_name"><![CDATA[Blog]]></TABLE_FIELD>
      <TABLE_FIELD FIELD_KEY="url"><![CDATA[/article/]]></TABLE_FIELD>
      <TABLE_FIELD FIELD_KEY="title"><![CDATA[Our Blog]]></TABLE_FIELD>
      <TABLE_FIELD FIELD_KEY="link_options"><![CDATA[a:3:{i:0;s:9:&quot;logged_in&quot;;i:1;s:10:&quot;logged_out&quot;;i:2;s:8:&quot;advanced&quot;;}]]></TABLE_FIELD>
      <TABLE_FIELD FIELD_KEY="menu_id"><![CDATA[3]]></TABLE_FIELD>
      <TABLE_FIELD FIELD_KEY="auth_level"><![CDATA[i:0;]]></TABLE_FIELD>
      <TABLE_FIELD FIELD_KEY="sub_menu_name"><![CDATA[]]></TABLE_FIELD>
      <TABLE_FIELD FIELD_KEY="logged_in"><![CDATA[0]]></TABLE_FIELD>
      <TABLE_FIELD FIELD_KEY="logged_out"><![CDATA[0]]></TABLE_FIELD>
      <TABLE_FIELD FIELD_KEY="append_previous_url"><![CDATA[0]]></TABLE_FIELD>
      <TABLE_FIELD FIELD_KEY="enabled"><![CDATA[0]]></TABLE_FIELD>
      <TABLE_FIELD FIELD_KEY="option_id"><![CDATA[1077-0-44]]></TABLE_FIELD>
    </TABLE_ROW>
    <TABLE_ROW ROW_ID="67">
      <TABLE_FIELD FIELD_KEY="option_name"><![CDATA[Home]]></TABLE_FIELD>
      <TABLE_FIELD FIELD_KEY="url"><![CDATA[/]]></TABLE_FIELD>
      <TABLE_FIELD FIELD_KEY="title"><![CDATA[Go to the home page]]></TABLE_FIELD>
      <TABLE_FIELD FIELD_KEY="link_options"><![CDATA[a:2:{i:0;s:9:&quot;logged_in&quot;;i:1;s:10:&quot;logged_out&quot;;}]]></TABLE_FIELD>
      <TABLE_FIELD FIELD_KEY="menu_id"><![CDATA[3]]></TABLE_FIELD>
      <TABLE_FIELD FIELD_KEY="auth_level"><![CDATA[i:0;]]></TABLE_FIELD>
      <TABLE_FIELD FIELD_KEY="sub_menu_name"><![CDATA[]]></TABLE_FIELD>
      <TABLE_FIELD FIELD_KEY="logged_in"><![CDATA[0]]></TABLE_FIELD>
      <TABLE_FIELD FIELD_KEY="logged_out"><![CDATA[0]]></TABLE_FIELD>
      <TABLE_FIELD FIELD_KEY="append_previous_url"><![CDATA[0]]></TABLE_FIELD>
      <TABLE_FIELD FIELD_KEY="enabled"><![CDATA[0]]></TABLE_FIELD>
      <TABLE_FIELD FIELD_KEY="option_id"><![CDATA[1077-0-45]]></TABLE_FIELD>
    </TABLE_ROW>
    <TABLE_ROW ROW_ID="68">
      <TABLE_FIELD FIELD_KEY="logged_in"><![CDATA[0]]></TABLE_FIELD>
      <TABLE_FIELD FIELD_KEY="logged_out"><![CDATA[0]]></TABLE_FIELD>
      <TABLE_FIELD FIELD_KEY="append_previous_url"><![CDATA[0]]></TABLE_FIELD>
      <TABLE_FIELD FIELD_KEY="auth_level"><![CDATA[i:0;]]></TABLE_FIELD>
      <TABLE_FIELD FIELD_KEY="enabled"><![CDATA[0]]></TABLE_FIELD>
      <TABLE_FIELD FIELD_KEY="sub_menu_name"><![CDATA[]]></TABLE_FIELD>
      <TABLE_FIELD FIELD_KEY="option_id"><![CDATA[1077-0-67]]></TABLE_FIELD>
      <TABLE_FIELD FIELD_KEY="option_name"><![CDATA[Sign in]]></TABLE_FIELD>
      <TABLE_FIELD FIELD_KEY="url"><![CDATA[/accounts/signin/]]></TABLE_FIELD>
      <TABLE_FIELD FIELD_KEY="title"><![CDATA[Sign into an existing account]]></TABLE_FIELD>
      <TABLE_FIELD FIELD_KEY="link_options"><![CDATA[a:3:{i:0;s:4:&quot;----&quot;;i:1;s:10:&quot;logged_out&quot;;i:2;s:19:&quot;append_previous_url&quot;;}]]></TABLE_FIELD>
      <TABLE_FIELD FIELD_KEY="menu_id"><![CDATA[3]]></TABLE_FIELD>
    </TABLE_ROW>
    <TABLE_ROW ROW_ID="69">
      <TABLE_FIELD FIELD_KEY="logged_in"><![CDATA[0]]></TABLE_FIELD>
      <TABLE_FIELD FIELD_KEY="logged_out"><![CDATA[0]]></TABLE_FIELD>
      <TABLE_FIELD FIELD_KEY="append_previous_url"><![CDATA[0]]></TABLE_FIELD>
      <TABLE_FIELD FIELD_KEY="auth_level"><![CDATA[i:0;]]></TABLE_FIELD>
      <TABLE_FIELD FIELD_KEY="enabled"><![CDATA[0]]></TABLE_FIELD>
      <TABLE_FIELD FIELD_KEY="sub_menu_name"><![CDATA[]]></TABLE_FIELD>
      <TABLE_FIELD FIELD_KEY="option_id"><![CDATA[1077-0-68]]></TABLE_FIELD>
      <TABLE_FIELD FIELD_KEY="option_name"><![CDATA[Sign out]]></TABLE_FIELD>
      <TABLE_FIELD FIELD_KEY="url"><![CDATA[/accounts/signout/]]></TABLE_FIELD>
      <TABLE_FIELD FIELD_KEY="title"><![CDATA[Sign out completely]]></TABLE_FIELD>
      <TABLE_FIELD FIELD_KEY="link_options"><![CDATA[a:2:{i:0;s:9:&quot;logged_in&quot;;i:1;s:19:&quot;append_previous_url&quot;;}]]></TABLE_FIELD>
      <TABLE_FIELD FIELD_KEY="menu_id"><![CDATA[3]]></TABLE_FIELD>
    </TABLE_ROW>
    <TABLE_ROW ROW_ID="70">
      <TABLE_FIELD FIELD_KEY="option_name"><![CDATA[Control Panel]]></TABLE_FIELD>
      <TABLE_FIELD FIELD_KEY="url"><![CDATA[/ayoola/]]></TABLE_FIELD>
      <TABLE_FIELD FIELD_KEY="title"><![CDATA[Go to the admin panel of this website]]></TABLE_FIELD>
      <TABLE_FIELD FIELD_KEY="link_options"><![CDATA[a:2:{i:0;s:9:&quot;logged_in&quot;;i:1;s:8:&quot;advanced&quot;;}]]></TABLE_FIELD>
      <TABLE_FIELD FIELD_KEY="menu_id"><![CDATA[3]]></TABLE_FIELD>
      <TABLE_FIELD FIELD_KEY="auth_level"><![CDATA[i:99;]]></TABLE_FIELD>
      <TABLE_FIELD FIELD_KEY="sub_menu_name"><![CDATA[]]></TABLE_FIELD>
      <TABLE_FIELD FIELD_KEY="logged_in"><![CDATA[0]]></TABLE_FIELD>
      <TABLE_FIELD FIELD_KEY="logged_out"><![CDATA[0]]></TABLE_FIELD>
      <TABLE_FIELD FIELD_KEY="append_previous_url"><![CDATA[0]]></TABLE_FIELD>
      <TABLE_FIELD FIELD_KEY="enabled"><![CDATA[0]]></TABLE_FIELD>
      <TABLE_FIELD FIELD_KEY="option_id"><![CDATA[1077-0-70]]></TABLE_FIELD>
    </TABLE_ROW>
    <TABLE_ROW ROW_ID="71">
      <TABLE_FIELD FIELD_KEY="logged_in"><![CDATA[0]]></TABLE_FIELD>
      <TABLE_FIELD FIELD_KEY="logged_out"><![CDATA[0]]></TABLE_FIELD>
      <TABLE_FIELD FIELD_KEY="append_previous_url"><![CDATA[0]]></TABLE_FIELD>
      <TABLE_FIELD FIELD_KEY="enabled"><![CDATA[0]]></TABLE_FIELD>
      <TABLE_FIELD FIELD_KEY="option_id"><![CDATA[1077-0-71]]></TABLE_FIELD>
      <TABLE_FIELD FIELD_KEY="option_name"><![CDATA[Document Settings]]></TABLE_FIELD>
      <TABLE_FIELD FIELD_KEY="url"><![CDATA[/tools/classplayer/get/object_name/Application_Settings_Editor/settingsname_name/Documents/]]></TABLE_FIELD>
      <TABLE_FIELD FIELD_KEY="title"><![CDATA[Documents Admin Settings]]></TABLE_FIELD>
      <TABLE_FIELD FIELD_KEY="link_options"><![CDATA[a:3:{i:0;s:9:&quot;logged_in&quot;;i:1;s:9:&quot;spotlight&quot;;i:2;s:8:&quot;advanced&quot;;}]]></TABLE_FIELD>
      <TABLE_FIELD FIELD_KEY="menu_id"><![CDATA[23]]></TABLE_FIELD>
      <TABLE_FIELD FIELD_KEY="auth_level"><![CDATA[a:2:{i:0;s:4:&quot;----&quot;;i:1;s:2:&quot;99&quot;;}]]></TABLE_FIELD>
      <TABLE_FIELD FIELD_KEY="sub_menu_name"><![CDATA[]]></TABLE_FIELD>
    </TABLE_ROW>
    <TABLE_ROW ROW_ID="72">
      <TABLE_FIELD FIELD_KEY="logged_in"><![CDATA[0]]></TABLE_FIELD>
      <TABLE_FIELD FIELD_KEY="logged_out"><![CDATA[0]]></TABLE_FIELD>
      <TABLE_FIELD FIELD_KEY="append_previous_url"><![CDATA[0]]></TABLE_FIELD>
      <TABLE_FIELD FIELD_KEY="auth_level"><![CDATA[N;]]></TABLE_FIELD>
      <TABLE_FIELD FIELD_KEY="enabled"><![CDATA[0]]></TABLE_FIELD>
      <TABLE_FIELD FIELD_KEY="sub_menu_name"><![CDATA[]]></TABLE_FIELD>
      <TABLE_FIELD FIELD_KEY="option_id"><![CDATA[1077-0-72]]></TABLE_FIELD>
      <TABLE_FIELD FIELD_KEY="option_name"><![CDATA[Payment Settings]]></TABLE_FIELD>
      <TABLE_FIELD FIELD_KEY="url"><![CDATA[/tools/classplayer/get/object_name/Application_Settings_Editor/settingsname_name/Payments/]]></TABLE_FIELD>
      <TABLE_FIELD FIELD_KEY="title"><![CDATA[]]></TABLE_FIELD>
      <TABLE_FIELD FIELD_KEY="link_options"><![CDATA[a:3:{i:0;s:9:&quot;logged_in&quot;;i:1;s:10:&quot;logged_out&quot;;i:2;s:9:&quot;spotlight&quot;;}]]></TABLE_FIELD>
      <TABLE_FIELD FIELD_KEY="menu_id"><![CDATA[8]]></TABLE_FIELD>
    </TABLE_ROW>
    <TABLE_ROW ROW_ID="73">
      <TABLE_FIELD FIELD_KEY="logged_in"><![CDATA[0]]></TABLE_FIELD>
      <TABLE_FIELD FIELD_KEY="logged_out"><![CDATA[0]]></TABLE_FIELD>
      <TABLE_FIELD FIELD_KEY="append_previous_url"><![CDATA[0]]></TABLE_FIELD>
      <TABLE_FIELD FIELD_KEY="enabled"><![CDATA[0]]></TABLE_FIELD>
      <TABLE_FIELD FIELD_KEY="sub_menu_name"><![CDATA[]]></TABLE_FIELD>
      <TABLE_FIELD FIELD_KEY="option_id"><![CDATA[1496-0-73]]></TABLE_FIELD>
      <TABLE_FIELD FIELD_KEY="option_name"><![CDATA[Mailing List]]></TABLE_FIELD>
      <TABLE_FIELD FIELD_KEY="url"><![CDATA[/object/name/Application_XmlTableViewer/table_name/Application_User_UserEmail_MailingList/]]></TABLE_FIELD>
      <TABLE_FIELD FIELD_KEY="link_options"><![CDATA[a:4:{i:0;s:9:&quot;logged_in&quot;;i:1;s:10:&quot;logged_out&quot;;i:2;s:9:&quot;spotlight&quot;;i:3;s:8:&quot;advanced&quot;;}]]></TABLE_FIELD>
      <TABLE_FIELD FIELD_KEY="menu_id"><![CDATA[11]]></TABLE_FIELD>
      <TABLE_FIELD FIELD_KEY="auth_level"><![CDATA[a:1:{i:0;s:2:&quot;99&quot;;}]]></TABLE_FIELD>
      <TABLE_FIELD FIELD_KEY="title"><![CDATA[]]></TABLE_FIELD>
    </TABLE_ROW>
    <TABLE_ROW ROW_ID="74">
      <TABLE_FIELD FIELD_KEY="option_name"><![CDATA[Admin Panel]]></TABLE_FIELD>
      <TABLE_FIELD FIELD_KEY="url"><![CDATA[/pc-admin]]></TABLE_FIELD>
      <TABLE_FIELD FIELD_KEY="link_options"><![CDATA[a:2:{i:0;s:9:&quot;logged_in&quot;;i:1;s:8:&quot;advanced&quot;;}]]></TABLE_FIELD>
      <TABLE_FIELD FIELD_KEY="menu_id"><![CDATA[5]]></TABLE_FIELD>
      <TABLE_FIELD FIELD_KEY="auth_level"><![CDATA[a:2:{i:0;s:2:&quot;98&quot;;i:1;s:2:&quot;99&quot;;}]]></TABLE_FIELD>
      <TABLE_FIELD FIELD_KEY="title"><![CDATA[]]></TABLE_FIELD>
      <TABLE_FIELD FIELD_KEY="logged_in"><![CDATA[0]]></TABLE_FIELD>
      <TABLE_FIELD FIELD_KEY="logged_out"><![CDATA[0]]></TABLE_FIELD>
      <TABLE_FIELD FIELD_KEY="append_previous_url"><![CDATA[0]]></TABLE_FIELD>
      <TABLE_FIELD FIELD_KEY="enabled"><![CDATA[0]]></TABLE_FIELD>
      <TABLE_FIELD FIELD_KEY="sub_menu_name"><![CDATA[]]></TABLE_FIELD>
      <TABLE_FIELD FIELD_KEY="option_id"><![CDATA[1496-0-74]]></TABLE_FIELD>
    </TABLE_ROW>
    <TABLE_ROW ROW_ID="75">
      <TABLE_FIELD FIELD_KEY="title"><![CDATA[]]></TABLE_FIELD>
      <TABLE_FIELD FIELD_KEY="logged_in"><![CDATA[0]]></TABLE_FIELD>
      <TABLE_FIELD FIELD_KEY="logged_out"><![CDATA[0]]></TABLE_FIELD>
      <TABLE_FIELD FIELD_KEY="append_previous_url"><![CDATA[0]]></TABLE_FIELD>
      <TABLE_FIELD FIELD_KEY="enabled"><![CDATA[0]]></TABLE_FIELD>
      <TABLE_FIELD FIELD_KEY="option_id"><![CDATA[1496-0-75]]></TABLE_FIELD>
      <TABLE_FIELD FIELD_KEY="option_name"><![CDATA[Change Password]]></TABLE_FIELD>
      <TABLE_FIELD FIELD_KEY="url"><![CDATA[/tools/classplayer/get/name/Application_User_Help_ChangePassword]]></TABLE_FIELD>
      <TABLE_FIELD FIELD_KEY="link_options"><![CDATA[a:2:{i:0;s:9:&quot;logged_in&quot;;i:1;s:9:&quot;spotlight&quot;;}]]></TABLE_FIELD>
      <TABLE_FIELD FIELD_KEY="menu_id"><![CDATA[24]]></TABLE_FIELD>
      <TABLE_FIELD FIELD_KEY="auth_level"><![CDATA[a:3:{i:0;s:1:&quot;1&quot;;i:1;s:2:&quot;98&quot;;i:2;s:2:&quot;99&quot;;}]]></TABLE_FIELD>
      <TABLE_FIELD FIELD_KEY="sub_menu_name"><![CDATA[]]></TABLE_FIELD>
      <TABLE_FIELD FIELD_KEY="modified_time"><![CDATA[1545970410]]></TABLE_FIELD>
    </TABLE_ROW>
    <TABLE_ROW ROW_ID="77">
      <TABLE_FIELD FIELD_KEY="title"><![CDATA[]]></TABLE_FIELD>
      <TABLE_FIELD FIELD_KEY="logged_in"><![CDATA[0]]></TABLE_FIELD>
      <TABLE_FIELD FIELD_KEY="logged_out"><![CDATA[0]]></TABLE_FIELD>
      <TABLE_FIELD FIELD_KEY="append_previous_url"><![CDATA[0]]></TABLE_FIELD>
      <TABLE_FIELD FIELD_KEY="enabled"><![CDATA[0]]></TABLE_FIELD>
      <TABLE_FIELD FIELD_KEY="option_id"><![CDATA[1496-0-77]]></TABLE_FIELD>
      <TABLE_FIELD FIELD_KEY="option_name"><![CDATA[Sign out]]></TABLE_FIELD>
      <TABLE_FIELD FIELD_KEY="url"><![CDATA[/accounts/signout]]></TABLE_FIELD>
      <TABLE_FIELD FIELD_KEY="link_options"><![CDATA[a:1:{i:0;s:9:&quot;logged_in&quot;;}]]></TABLE_FIELD>
      <TABLE_FIELD FIELD_KEY="menu_id"><![CDATA[24]]></TABLE_FIELD>
      <TABLE_FIELD FIELD_KEY="auth_level"><![CDATA[a:3:{i:0;s:1:&quot;1&quot;;i:1;s:2:&quot;98&quot;;i:2;s:2:&quot;99&quot;;}]]></TABLE_FIELD>
      <TABLE_FIELD FIELD_KEY="sub_menu_name"><![CDATA[]]></TABLE_FIELD>
      <TABLE_FIELD FIELD_KEY="modified_time"><![CDATA[1545970470]]></TABLE_FIELD>
    </TABLE_ROW>
    <TABLE_ROW ROW_ID="78">
      <TABLE_FIELD FIELD_KEY="title"><![CDATA[]]></TABLE_FIELD>
      <TABLE_FIELD FIELD_KEY="logged_in"><![CDATA[0]]></TABLE_FIELD>
      <TABLE_FIELD FIELD_KEY="logged_out"><![CDATA[0]]></TABLE_FIELD>
      <TABLE_FIELD FIELD_KEY="append_previous_url"><![CDATA[0]]></TABLE_FIELD>
      <TABLE_FIELD FIELD_KEY="auth_level"><![CDATA[N;]]></TABLE_FIELD>
      <TABLE_FIELD FIELD_KEY="enabled"><![CDATA[0]]></TABLE_FIELD>
      <TABLE_FIELD FIELD_KEY="sub_menu_name"><![CDATA[]]></TABLE_FIELD>
      <TABLE_FIELD FIELD_KEY="option_id"><![CDATA[0-0-78]]></TABLE_FIELD>
      <TABLE_FIELD FIELD_KEY="option_name"><![CDATA[Login]]></TABLE_FIELD>
      <TABLE_FIELD FIELD_KEY="url"><![CDATA[/accounts/signin]]></TABLE_FIELD>
      <TABLE_FIELD FIELD_KEY="link_options"><![CDATA[a:2:{i:0;s:10:&quot;logged_out&quot;;i:1;s:19:&quot;append_previous_url&quot;;}]]></TABLE_FIELD>
      <TABLE_FIELD FIELD_KEY="menu_id"><![CDATA[5]]></TABLE_FIELD>
    </TABLE_ROW>
    <TABLE_ROW ROW_ID="79">
      <TABLE_FIELD FIELD_KEY="title"><![CDATA[]]></TABLE_FIELD>
      <TABLE_FIELD FIELD_KEY="logged_in"><![CDATA[0]]></TABLE_FIELD>
      <TABLE_FIELD FIELD_KEY="logged_out"><![CDATA[0]]></TABLE_FIELD>
      <TABLE_FIELD FIELD_KEY="append_previous_url"><![CDATA[0]]></TABLE_FIELD>
      <TABLE_FIELD FIELD_KEY="auth_level"><![CDATA[N;]]></TABLE_FIELD>
      <TABLE_FIELD FIELD_KEY="enabled"><![CDATA[0]]></TABLE_FIELD>
      <TABLE_FIELD FIELD_KEY="sub_menu_name"><![CDATA[]]></TABLE_FIELD>
      <TABLE_FIELD FIELD_KEY="option_id"><![CDATA[0-0-79]]></TABLE_FIELD>
      <TABLE_FIELD FIELD_KEY="option_name"><![CDATA[Logout]]></TABLE_FIELD>
      <TABLE_FIELD FIELD_KEY="url"><![CDATA[/accounts/signout]]></TABLE_FIELD>
      <TABLE_FIELD FIELD_KEY="link_options"><![CDATA[a:2:{i:0;s:9:&quot;logged_in&quot;;i:1;s:19:&quot;append_previous_url&quot;;}]]></TABLE_FIELD>
      <TABLE_FIELD FIELD_KEY="menu_id"><![CDATA[5]]></TABLE_FIELD>
    </TABLE_ROW>
    <TABLE_ROW ROW_ID="85">
      <TABLE_FIELD FIELD_KEY="title"><![CDATA[]]></TABLE_FIELD>
      <TABLE_FIELD FIELD_KEY="logged_in"><![CDATA[0]]></TABLE_FIELD>
      <TABLE_FIELD FIELD_KEY="logged_out"><![CDATA[0]]></TABLE_FIELD>
      <TABLE_FIELD FIELD_KEY="append_previous_url"><![CDATA[0]]></TABLE_FIELD>
      <TABLE_FIELD FIELD_KEY="enabled"><![CDATA[0]]></TABLE_FIELD>
      <TABLE_FIELD FIELD_KEY="option_id"><![CDATA[0-0-85]]></TABLE_FIELD>
      <TABLE_FIELD FIELD_KEY="option_name"><![CDATA[Orders]]></TABLE_FIELD>
      <TABLE_FIELD FIELD_KEY="url"><![CDATA[/tools/classplayer/get/name/Application_Subscription_Checkout_Order_List/]]></TABLE_FIELD>
      <TABLE_FIELD FIELD_KEY="link_options"><![CDATA[a:3:{i:0;s:9:&quot;logged_in&quot;;i:1;s:10:&quot;logged_out&quot;;i:2;s:9:&quot;spotlight&quot;;}]]></TABLE_FIELD>
      <TABLE_FIELD FIELD_KEY="menu_id"><![CDATA[9]]></TABLE_FIELD>
      <TABLE_FIELD FIELD_KEY="auth_level"><![CDATA[a:2:{i:0;s:2:&quot;98&quot;;i:1;s:2:&quot;99&quot;;}]]></TABLE_FIELD>
      <TABLE_FIELD FIELD_KEY="sub_menu_name"><![CDATA[]]></TABLE_FIELD>
    </TABLE_ROW>
    <TABLE_ROW ROW_ID="86">
      <TABLE_FIELD FIELD_KEY="title"><![CDATA[]]></TABLE_FIELD>
      <TABLE_FIELD FIELD_KEY="logged_in"><![CDATA[0]]></TABLE_FIELD>
      <TABLE_FIELD FIELD_KEY="logged_out"><![CDATA[0]]></TABLE_FIELD>
      <TABLE_FIELD FIELD_KEY="append_previous_url"><![CDATA[0]]></TABLE_FIELD>
      <TABLE_FIELD FIELD_KEY="enabled"><![CDATA[0]]></TABLE_FIELD>
      <TABLE_FIELD FIELD_KEY="option_id"><![CDATA[0-0-86]]></TABLE_FIELD>
      <TABLE_FIELD FIELD_KEY="option_name"><![CDATA[Home]]></TABLE_FIELD>
      <TABLE_FIELD FIELD_KEY="url"><![CDATA[/]]></TABLE_FIELD>
      <TABLE_FIELD FIELD_KEY="link_options"><![CDATA[a:2:{i:0;s:9:&quot;logged_in&quot;;i:1;s:10:&quot;logged_out&quot;;}]]></TABLE_FIELD>
      <TABLE_FIELD FIELD_KEY="menu_id"><![CDATA[0-0-20]]></TABLE_FIELD>
      <TABLE_FIELD FIELD_KEY="auth_level"><![CDATA[a:5:{i:0;s:1:&quot;1&quot;;i:1;s:1:&quot;0&quot;;i:2;s:2:&quot;97&quot;;i:3;s:2:&quot;98&quot;;i:4;s:2:&quot;99&quot;;}]]></TABLE_FIELD>
      <TABLE_FIELD FIELD_KEY="sub_menu_name"><![CDATA[]]></TABLE_FIELD>
    </TABLE_ROW>
    <TABLE_ROW ROW_ID="87">
      <TABLE_FIELD FIELD_KEY="option_name"><![CDATA[All Posts]]></TABLE_FIELD>
      <TABLE_FIELD FIELD_KEY="url"><![CDATA[/posts]]></TABLE_FIELD>
      <TABLE_FIELD FIELD_KEY="link_options"><![CDATA[a:2:{i:0;s:9:&quot;logged_in&quot;;i:1;s:10:&quot;logged_out&quot;;}]]></TABLE_FIELD>
      <TABLE_FIELD FIELD_KEY="menu_id"><![CDATA[0-0-20]]></TABLE_FIELD>
      <TABLE_FIELD FIELD_KEY="auth_level"><![CDATA[a:5:{i:0;s:1:&quot;1&quot;;i:1;s:1:&quot;0&quot;;i:2;s:2:&quot;97&quot;;i:3;s:2:&quot;98&quot;;i:4;s:2:&quot;99&quot;;}]]></TABLE_FIELD>
      <TABLE_FIELD FIELD_KEY="sub_menu_name"><![CDATA[]]></TABLE_FIELD>
      <TABLE_FIELD FIELD_KEY="title"><![CDATA[]]></TABLE_FIELD>
      <TABLE_FIELD FIELD_KEY="logged_in"><![CDATA[0]]></TABLE_FIELD>
      <TABLE_FIELD FIELD_KEY="logged_out"><![CDATA[0]]></TABLE_FIELD>
      <TABLE_FIELD FIELD_KEY="append_previous_url"><![CDATA[0]]></TABLE_FIELD>
      <TABLE_FIELD FIELD_KEY="enabled"><![CDATA[0]]></TABLE_FIELD>
      <TABLE_FIELD FIELD_KEY="option_id"><![CDATA[0-0-87]]></TABLE_FIELD>
    </TABLE_ROW>
    <TABLE_ROW ROW_ID="90">
      <TABLE_FIELD FIELD_KEY="option_name"><![CDATA[Log in]]></TABLE_FIELD>
      <TABLE_FIELD FIELD_KEY="url"><![CDATA[/account/signin]]></TABLE_FIELD>
      <TABLE_FIELD FIELD_KEY="link_options"><![CDATA[a:2:{i:0;s:10:&quot;logged_out&quot;;i:1;s:19:&quot;append_previous_url&quot;;}]]></TABLE_FIELD>
      <TABLE_FIELD FIELD_KEY="menu_id"><![CDATA[24]]></TABLE_FIELD>
      <TABLE_FIELD FIELD_KEY="auth_level"><![CDATA[a:1:{i:0;s:1:&quot;0&quot;;}]]></TABLE_FIELD>
      <TABLE_FIELD FIELD_KEY="sub_menu_name"><![CDATA[]]></TABLE_FIELD>
      <TABLE_FIELD FIELD_KEY="title"><![CDATA[]]></TABLE_FIELD>
      <TABLE_FIELD FIELD_KEY="logged_in"><![CDATA[0]]></TABLE_FIELD>
      <TABLE_FIELD FIELD_KEY="logged_out"><![CDATA[0]]></TABLE_FIELD>
      <TABLE_FIELD FIELD_KEY="append_previous_url"><![CDATA[0]]></TABLE_FIELD>
      <TABLE_FIELD FIELD_KEY="enabled"><![CDATA[0]]></TABLE_FIELD>
      <TABLE_FIELD FIELD_KEY="option_id"><![CDATA[0-0-90]]></TABLE_FIELD>
      <TABLE_FIELD FIELD_KEY="creation_time"><![CDATA[1525183416]]></TABLE_FIELD>
    </TABLE_ROW>
    <TABLE_ROW ROW_ID="91">
      <TABLE_FIELD FIELD_KEY="option_name"><![CDATA[Responses]]></TABLE_FIELD>
      <TABLE_FIELD FIELD_KEY="url"><![CDATA[javascript:]]></TABLE_FIELD>
      <TABLE_FIELD FIELD_KEY="link_options"><![CDATA[a:2:{i:0;s:9:&quot;logged_in&quot;;i:1;s:10:&quot;logged_out&quot;;}]]></TABLE_FIELD>
      <TABLE_FIELD FIELD_KEY="menu_id"><![CDATA[9]]></TABLE_FIELD>
      <TABLE_FIELD FIELD_KEY="auth_level"><![CDATA[a:2:{i:0;s:2:&quot;98&quot;;i:1;s:2:&quot;99&quot;;}]]></TABLE_FIELD>
      <TABLE_FIELD FIELD_KEY="sub_menu_name"><![CDATA[sub_menu_1529201776]]></TABLE_FIELD>
      <TABLE_FIELD FIELD_KEY="title"><![CDATA[]]></TABLE_FIELD>
      <TABLE_FIELD FIELD_KEY="logged_in"><![CDATA[0]]></TABLE_FIELD>
      <TABLE_FIELD FIELD_KEY="logged_out"><![CDATA[0]]></TABLE_FIELD>
      <TABLE_FIELD FIELD_KEY="append_previous_url"><![CDATA[0]]></TABLE_FIELD>
      <TABLE_FIELD FIELD_KEY="enabled"><![CDATA[0]]></TABLE_FIELD>
      <TABLE_FIELD FIELD_KEY="option_id"><![CDATA[0-0-91]]></TABLE_FIELD>
      <TABLE_FIELD FIELD_KEY="creation_time"><![CDATA[1529201825]]></TABLE_FIELD>
    </TABLE_ROW>
    <TABLE_ROW ROW_ID="92">
      <TABLE_FIELD FIELD_KEY="title"><![CDATA[]]></TABLE_FIELD>
      <TABLE_FIELD FIELD_KEY="logged_in"><![CDATA[0]]></TABLE_FIELD>
      <TABLE_FIELD FIELD_KEY="logged_out"><![CDATA[0]]></TABLE_FIELD>
      <TABLE_FIELD FIELD_KEY="append_previous_url"><![CDATA[0]]></TABLE_FIELD>
      <TABLE_FIELD FIELD_KEY="enabled"><![CDATA[0]]></TABLE_FIELD>
      <TABLE_FIELD FIELD_KEY="option_id"><![CDATA[0-0-92]]></TABLE_FIELD>
      <TABLE_FIELD FIELD_KEY="creation_time"><![CDATA[1529201993]]></TABLE_FIELD>
      <TABLE_FIELD FIELD_KEY="option_name"><![CDATA[Contact Messages]]></TABLE_FIELD>
      <TABLE_FIELD FIELD_KEY="url"><![CDATA[/pc-admin/name/Application_ContactUs_List]]></TABLE_FIELD>
      <TABLE_FIELD FIELD_KEY="link_options"><![CDATA[a:1:{i:0;s:9:&quot;logged_in&quot;;}]]></TABLE_FIELD>
      <TABLE_FIELD FIELD_KEY="menu_id"><![CDATA[0-0-21]]></TABLE_FIELD>
      <TABLE_FIELD FIELD_KEY="auth_level"><![CDATA[a:2:{i:0;s:2:&quot;98&quot;;i:1;s:2:&quot;99&quot;;}]]></TABLE_FIELD>
      <TABLE_FIELD FIELD_KEY="sub_menu_name"><![CDATA[]]></TABLE_FIELD>
      <TABLE_FIELD FIELD_KEY="modified_time"><![CDATA[1529203094]]></TABLE_FIELD>
    </TABLE_ROW>
    <TABLE_ROW ROW_ID="93">
      <TABLE_FIELD FIELD_KEY="option_name"><![CDATA[Comments]]></TABLE_FIELD>
      <TABLE_FIELD FIELD_KEY="url"><![CDATA[/pc-admin/name/Application_CommentBox_Table_List]]></TABLE_FIELD>
      <TABLE_FIELD FIELD_KEY="link_options"><![CDATA[a:1:{i:0;s:9:&quot;logged_in&quot;;}]]></TABLE_FIELD>
      <TABLE_FIELD FIELD_KEY="menu_id"><![CDATA[0-0-21]]></TABLE_FIELD>
      <TABLE_FIELD FIELD_KEY="auth_level"><![CDATA[a:2:{i:0;s:2:&quot;98&quot;;i:1;s:2:&quot;99&quot;;}]]></TABLE_FIELD>
      <TABLE_FIELD FIELD_KEY="sub_menu_name"><![CDATA[]]></TABLE_FIELD>
      <TABLE_FIELD FIELD_KEY="title"><![CDATA[]]></TABLE_FIELD>
      <TABLE_FIELD FIELD_KEY="logged_in"><![CDATA[0]]></TABLE_FIELD>
      <TABLE_FIELD FIELD_KEY="logged_out"><![CDATA[0]]></TABLE_FIELD>
      <TABLE_FIELD FIELD_KEY="append_previous_url"><![CDATA[0]]></TABLE_FIELD>
      <TABLE_FIELD FIELD_KEY="enabled"><![CDATA[0]]></TABLE_FIELD>
      <TABLE_FIELD FIELD_KEY="option_id"><![CDATA[0-0-93]]></TABLE_FIELD>
      <TABLE_FIELD FIELD_KEY="creation_time"><![CDATA[1529202755]]></TABLE_FIELD>
    </TABLE_ROW>
    <TABLE_ROW ROW_ID="94">
      <TABLE_FIELD FIELD_KEY="option_name"><![CDATA[Direct Messages]]></TABLE_FIELD>
      <TABLE_FIELD FIELD_KEY="url"><![CDATA[/pc-admin/name/Application_Message_List]]></TABLE_FIELD>
      <TABLE_FIELD FIELD_KEY="link_options"><![CDATA[a:1:{i:0;s:9:&quot;logged_in&quot;;}]]></TABLE_FIELD>
      <TABLE_FIELD FIELD_KEY="menu_id"><![CDATA[0-0-21]]></TABLE_FIELD>
      <TABLE_FIELD FIELD_KEY="auth_level"><![CDATA[a:2:{i:0;s:2:&quot;98&quot;;i:1;s:2:&quot;99&quot;;}]]></TABLE_FIELD>
      <TABLE_FIELD FIELD_KEY="sub_menu_name"><![CDATA[]]></TABLE_FIELD>
      <TABLE_FIELD FIELD_KEY="title"><![CDATA[]]></TABLE_FIELD>
      <TABLE_FIELD FIELD_KEY="logged_in"><![CDATA[0]]></TABLE_FIELD>
      <TABLE_FIELD FIELD_KEY="logged_out"><![CDATA[0]]></TABLE_FIELD>
      <TABLE_FIELD FIELD_KEY="append_previous_url"><![CDATA[0]]></TABLE_FIELD>
      <TABLE_FIELD FIELD_KEY="enabled"><![CDATA[0]]></TABLE_FIELD>
      <TABLE_FIELD FIELD_KEY="option_id"><![CDATA[0-0-94]]></TABLE_FIELD>
      <TABLE_FIELD FIELD_KEY="creation_time"><![CDATA[1529202817]]></TABLE_FIELD>
    </TABLE_ROW>
    <TABLE_ROW ROW_ID="95">
      <TABLE_FIELD FIELD_KEY="option_name"><![CDATA[System]]></TABLE_FIELD>
      <TABLE_FIELD FIELD_KEY="url"><![CDATA[javascript:]]></TABLE_FIELD>
      <TABLE_FIELD FIELD_KEY="link_options"><![CDATA[a:1:{i:0;s:9:&quot;logged_in&quot;;}]]></TABLE_FIELD>
      <TABLE_FIELD FIELD_KEY="menu_id"><![CDATA[9]]></TABLE_FIELD>
      <TABLE_FIELD FIELD_KEY="auth_level"><![CDATA[a:2:{i:0;s:2:&quot;98&quot;;i:1;s:2:&quot;99&quot;;}]]></TABLE_FIELD>
      <TABLE_FIELD FIELD_KEY="sub_menu_name"><![CDATA[sub_menu_1529498280]]></TABLE_FIELD>
      <TABLE_FIELD FIELD_KEY="title"><![CDATA[]]></TABLE_FIELD>
      <TABLE_FIELD FIELD_KEY="logged_in"><![CDATA[0]]></TABLE_FIELD>
      <TABLE_FIELD FIELD_KEY="logged_out"><![CDATA[0]]></TABLE_FIELD>
      <TABLE_FIELD FIELD_KEY="append_previous_url"><![CDATA[0]]></TABLE_FIELD>
      <TABLE_FIELD FIELD_KEY="enabled"><![CDATA[0]]></TABLE_FIELD>
      <TABLE_FIELD FIELD_KEY="option_id"><![CDATA[1529498302-0-95]]></TABLE_FIELD>
      <TABLE_FIELD FIELD_KEY="creation_time"><![CDATA[1529498302]]></TABLE_FIELD>
    </TABLE_ROW>
    <TABLE_ROW ROW_ID="96">
      <TABLE_FIELD FIELD_KEY="option_name"><![CDATA[Multi-sites]]></TABLE_FIELD>
      <TABLE_FIELD FIELD_KEY="url"><![CDATA[/pc-admin/PageCarton_MultiSite_List]]></TABLE_FIELD>
      <TABLE_FIELD FIELD_KEY="link_options"><![CDATA[a:1:{i:0;s:9:&quot;logged_in&quot;;}]]></TABLE_FIELD>
      <TABLE_FIELD FIELD_KEY="menu_id"><![CDATA[1529498386-0-22]]></TABLE_FIELD>
      <TABLE_FIELD FIELD_KEY="auth_level"><![CDATA[a:2:{i:0;s:2:&quot;98&quot;;i:1;s:2:&quot;99&quot;;}]]></TABLE_FIELD>
      <TABLE_FIELD FIELD_KEY="sub_menu_name"><![CDATA[]]></TABLE_FIELD>
      <TABLE_FIELD FIELD_KEY="title"><![CDATA[]]></TABLE_FIELD>
      <TABLE_FIELD FIELD_KEY="logged_in"><![CDATA[0]]></TABLE_FIELD>
      <TABLE_FIELD FIELD_KEY="logged_out"><![CDATA[0]]></TABLE_FIELD>
      <TABLE_FIELD FIELD_KEY="append_previous_url"><![CDATA[0]]></TABLE_FIELD>
      <TABLE_FIELD FIELD_KEY="enabled"><![CDATA[0]]></TABLE_FIELD>
      <TABLE_FIELD FIELD_KEY="option_id"><![CDATA[1529498442-0-96]]></TABLE_FIELD>
      <TABLE_FIELD FIELD_KEY="creation_time"><![CDATA[1529498441]]></TABLE_FIELD>
    </TABLE_ROW>
    <TABLE_ROW ROW_ID="97">
      <TABLE_FIELD FIELD_KEY="title"><![CDATA[]]></TABLE_FIELD>
      <TABLE_FIELD FIELD_KEY="logged_in"><![CDATA[0]]></TABLE_FIELD>
      <TABLE_FIELD FIELD_KEY="logged_out"><![CDATA[0]]></TABLE_FIELD>
      <TABLE_FIELD FIELD_KEY="append_previous_url"><![CDATA[0]]></TABLE_FIELD>
      <TABLE_FIELD FIELD_KEY="enabled"><![CDATA[0]]></TABLE_FIELD>
      <TABLE_FIELD FIELD_KEY="option_id"><![CDATA[1529498509-0-97]]></TABLE_FIELD>
      <TABLE_FIELD FIELD_KEY="creation_time"><![CDATA[1529498509]]></TABLE_FIELD>
      <TABLE_FIELD FIELD_KEY="option_name"><![CDATA[Server Info]]></TABLE_FIELD>
      <TABLE_FIELD FIELD_KEY="url"><![CDATA[/tools/classplayer/get/name/Application_PhpInfo]]></TABLE_FIELD>
      <TABLE_FIELD FIELD_KEY="link_options"><![CDATA[a:2:{i:0;s:9:&quot;logged_in&quot;;i:1;s:9:&quot;spotlight&quot;;}]]></TABLE_FIELD>
      <TABLE_FIELD FIELD_KEY="menu_id"><![CDATA[1529498386-0-22]]></TABLE_FIELD>
      <TABLE_FIELD FIELD_KEY="auth_level"><![CDATA[a:2:{i:0;s:2:&quot;98&quot;;i:1;s:2:&quot;99&quot;;}]]></TABLE_FIELD>
      <TABLE_FIELD FIELD_KEY="sub_menu_name"><![CDATA[]]></TABLE_FIELD>
      <TABLE_FIELD FIELD_KEY="modified_time"><![CDATA[1529498655]]></TABLE_FIELD>
    </TABLE_ROW>
    <TABLE_ROW ROW_ID="98">
      <TABLE_FIELD FIELD_KEY="title"><![CDATA[]]></TABLE_FIELD>
      <TABLE_FIELD FIELD_KEY="logged_in"><![CDATA[0]]></TABLE_FIELD>
      <TABLE_FIELD FIELD_KEY="logged_out"><![CDATA[0]]></TABLE_FIELD>
      <TABLE_FIELD FIELD_KEY="append_previous_url"><![CDATA[0]]></TABLE_FIELD>
      <TABLE_FIELD FIELD_KEY="enabled"><![CDATA[0]]></TABLE_FIELD>
      <TABLE_FIELD FIELD_KEY="option_id"><![CDATA[1529498550-0-98]]></TABLE_FIELD>
      <TABLE_FIELD FIELD_KEY="creation_time"><![CDATA[1529498550]]></TABLE_FIELD>
      <TABLE_FIELD FIELD_KEY="option_name"><![CDATA[File Manager]]></TABLE_FIELD>
      <TABLE_FIELD FIELD_KEY="url"><![CDATA[/tools/classplayer/get/object_name/Ayoola_Doc_Browser/]]></TABLE_FIELD>
      <TABLE_FIELD FIELD_KEY="link_options"><![CDATA[a:2:{i:0;s:9:&quot;logged_in&quot;;i:1;s:9:&quot;spotlight&quot;;}]]></TABLE_FIELD>
      <TABLE_FIELD FIELD_KEY="menu_id"><![CDATA[1529498386-0-22]]></TABLE_FIELD>
      <TABLE_FIELD FIELD_KEY="auth_level"><![CDATA[a:2:{i:0;s:2:&quot;98&quot;;i:1;s:2:&quot;99&quot;;}]]></TABLE_FIELD>
      <TABLE_FIELD FIELD_KEY="sub_menu_name"><![CDATA[]]></TABLE_FIELD>
      <TABLE_FIELD FIELD_KEY="modified_time"><![CDATA[1529498633]]></TABLE_FIELD>
    </TABLE_ROW>
    <TABLE_ROW ROW_ID="99">
      <TABLE_FIELD FIELD_KEY="option_name"><![CDATA[Personalize]]></TABLE_FIELD>
      <TABLE_FIELD FIELD_KEY="url"><![CDATA[/tools/classplayer/get/object_name/Application_Personalization/]]></TABLE_FIELD>
      <TABLE_FIELD FIELD_KEY="link_options"><![CDATA[a:2:{i:0;s:9:&quot;logged_in&quot;;i:1;s:9:&quot;spotlight&quot;;}]]></TABLE_FIELD>
      <TABLE_FIELD FIELD_KEY="menu_id"><![CDATA[1529498386-0-22]]></TABLE_FIELD>
      <TABLE_FIELD FIELD_KEY="auth_level"><![CDATA[a:2:{i:0;s:2:&quot;98&quot;;i:1;s:2:&quot;99&quot;;}]]></TABLE_FIELD>
      <TABLE_FIELD FIELD_KEY="sub_menu_name"><![CDATA[]]></TABLE_FIELD>
      <TABLE_FIELD FIELD_KEY="title"><![CDATA[]]></TABLE_FIELD>
      <TABLE_FIELD FIELD_KEY="logged_in"><![CDATA[0]]></TABLE_FIELD>
      <TABLE_FIELD FIELD_KEY="logged_out"><![CDATA[0]]></TABLE_FIELD>
      <TABLE_FIELD FIELD_KEY="append_previous_url"><![CDATA[0]]></TABLE_FIELD>
      <TABLE_FIELD FIELD_KEY="enabled"><![CDATA[0]]></TABLE_FIELD>
      <TABLE_FIELD FIELD_KEY="option_id"><![CDATA[1529498602-0-99]]></TABLE_FIELD>
      <TABLE_FIELD FIELD_KEY="creation_time"><![CDATA[1529498601]]></TABLE_FIELD>
    </TABLE_ROW>
    <TABLE_ROW ROW_ID="101">
      <TABLE_FIELD FIELD_KEY="option_name"><![CDATA[Cron]]></TABLE_FIELD>
      <TABLE_FIELD FIELD_KEY="url"><![CDATA[/pc-admin/PageCarton_Cron_List]]></TABLE_FIELD>
      <TABLE_FIELD FIELD_KEY="link_options"><![CDATA[a:1:{i:0;s:9:&quot;logged_in&quot;;}]]></TABLE_FIELD>
      <TABLE_FIELD FIELD_KEY="menu_id"><![CDATA[1529498386-0-22]]></TABLE_FIELD>
      <TABLE_FIELD FIELD_KEY="auth_level"><![CDATA[a:2:{i:0;s:2:&quot;98&quot;;i:1;s:2:&quot;99&quot;;}]]></TABLE_FIELD>
      <TABLE_FIELD FIELD_KEY="sub_menu_name"><![CDATA[]]></TABLE_FIELD>
      <TABLE_FIELD FIELD_KEY="title"><![CDATA[]]></TABLE_FIELD>
      <TABLE_FIELD FIELD_KEY="logged_in"><![CDATA[0]]></TABLE_FIELD>
      <TABLE_FIELD FIELD_KEY="logged_out"><![CDATA[0]]></TABLE_FIELD>
      <TABLE_FIELD FIELD_KEY="append_previous_url"><![CDATA[0]]></TABLE_FIELD>
      <TABLE_FIELD FIELD_KEY="enabled"><![CDATA[0]]></TABLE_FIELD>
      <TABLE_FIELD FIELD_KEY="option_id"><![CDATA[1529589352-0-101]]></TABLE_FIELD>
      <TABLE_FIELD FIELD_KEY="creation_time"><![CDATA[1529589352]]></TABLE_FIELD>
    </TABLE_ROW>
    <TABLE_ROW ROW_ID="102">
      <TABLE_FIELD FIELD_KEY="title"><![CDATA[]]></TABLE_FIELD>
      <TABLE_FIELD FIELD_KEY="logged_in"><![CDATA[0]]></TABLE_FIELD>
      <TABLE_FIELD FIELD_KEY="logged_out"><![CDATA[0]]></TABLE_FIELD>
      <TABLE_FIELD FIELD_KEY="append_previous_url"><![CDATA[0]]></TABLE_FIELD>
      <TABLE_FIELD FIELD_KEY="enabled"><![CDATA[0]]></TABLE_FIELD>
      <TABLE_FIELD FIELD_KEY="option_id"><![CDATA[1530353316-0-102]]></TABLE_FIELD>
      <TABLE_FIELD FIELD_KEY="creation_time"><![CDATA[1530353315]]></TABLE_FIELD>
      <TABLE_FIELD FIELD_KEY="option_name"><![CDATA[My Orders]]></TABLE_FIELD>
      <TABLE_FIELD FIELD_KEY="url"><![CDATA[/tools/classplayer/get/name/Application_Subscription_Checkout_Order_List]]></TABLE_FIELD>
      <TABLE_FIELD FIELD_KEY="link_options"><![CDATA[a:2:{i:0;s:9:&quot;logged_in&quot;;i:1;s:9:&quot;spotlight&quot;;}]]></TABLE_FIELD>
      <TABLE_FIELD FIELD_KEY="menu_id"><![CDATA[]]></TABLE_FIELD>
      <TABLE_FIELD FIELD_KEY="auth_level"><![CDATA[a:1:{i:0;s:1:&quot;1&quot;;}]]></TABLE_FIELD>
      <TABLE_FIELD FIELD_KEY="sub_menu_name"><![CDATA[]]></TABLE_FIELD>
      <TABLE_FIELD FIELD_KEY="modified_time"><![CDATA[1530353461]]></TABLE_FIELD>
    </TABLE_ROW>
    <TABLE_ROW ROW_ID="103">
      <TABLE_FIELD FIELD_KEY="title"><![CDATA[]]></TABLE_FIELD>
      <TABLE_FIELD FIELD_KEY="logged_in"><![CDATA[0]]></TABLE_FIELD>
      <TABLE_FIELD FIELD_KEY="logged_out"><![CDATA[0]]></TABLE_FIELD>
      <TABLE_FIELD FIELD_KEY="append_previous_url"><![CDATA[0]]></TABLE_FIELD>
      <TABLE_FIELD FIELD_KEY="enabled"><![CDATA[0]]></TABLE_FIELD>
      <TABLE_FIELD FIELD_KEY="option_id"><![CDATA[1530353393-0-103]]></TABLE_FIELD>
      <TABLE_FIELD FIELD_KEY="creation_time"><![CDATA[1530353392]]></TABLE_FIELD>
      <TABLE_FIELD FIELD_KEY="option_name"><![CDATA[My Account]]></TABLE_FIELD>
      <TABLE_FIELD FIELD_KEY="url"><![CDATA[/account]]></TABLE_FIELD>
      <TABLE_FIELD FIELD_KEY="link_options"><![CDATA[a:1:{i:0;s:9:&quot;logged_in&quot;;}]]></TABLE_FIELD>
      <TABLE_FIELD FIELD_KEY="menu_id"><![CDATA[24]]></TABLE_FIELD>
      <TABLE_FIELD FIELD_KEY="auth_level"><![CDATA[a:1:{i:0;s:1:&quot;1&quot;;}]]></TABLE_FIELD>
      <TABLE_FIELD FIELD_KEY="sub_menu_name"><![CDATA[]]></TABLE_FIELD>
      <TABLE_FIELD FIELD_KEY="modified_time"><![CDATA[1530353582]]></TABLE_FIELD>
    </TABLE_ROW>
    <TABLE_ROW ROW_ID="106">
      <TABLE_FIELD FIELD_KEY="option_name"><![CDATA[Simple Website Builder]]></TABLE_FIELD>
      <TABLE_FIELD FIELD_KEY="url"><![CDATA[/pc-admin/PageCarton_NewSiteWizard]]></TABLE_FIELD>
      <TABLE_FIELD FIELD_KEY="link_options"><![CDATA[a:1:{i:0;s:9:&quot;logged_in&quot;;}]]></TABLE_FIELD>
      <TABLE_FIELD FIELD_KEY="menu_id"><![CDATA[9]]></TABLE_FIELD>
      <TABLE_FIELD FIELD_KEY="auth_level"><![CDATA[a:2:{i:0;s:2:&quot;98&quot;;i:1;s:2:&quot;99&quot;;}]]></TABLE_FIELD>
      <TABLE_FIELD FIELD_KEY="sub_menu_name"><![CDATA[]]></TABLE_FIELD>
      <TABLE_FIELD FIELD_KEY="title"><![CDATA[]]></TABLE_FIELD>
      <TABLE_FIELD FIELD_KEY="logged_in"><![CDATA[0]]></TABLE_FIELD>
      <TABLE_FIELD FIELD_KEY="logged_out"><![CDATA[0]]></TABLE_FIELD>
      <TABLE_FIELD FIELD_KEY="append_previous_url"><![CDATA[0]]></TABLE_FIELD>
      <TABLE_FIELD FIELD_KEY="enabled"><![CDATA[0]]></TABLE_FIELD>
      <TABLE_FIELD FIELD_KEY="option_id"><![CDATA[1545969987-0-106]]></TABLE_FIELD>
      <TABLE_FIELD FIELD_KEY="creation_time"><![CDATA[1545969987]]></TABLE_FIELD>
    </TABLE_ROW>
    <TABLE_ROW ROW_ID="107">
      <TABLE_FIELD FIELD_KEY="option_name"><![CDATA[My Account]]></TABLE_FIELD>
      <TABLE_FIELD FIELD_KEY="url"><![CDATA[/account]]></TABLE_FIELD>
      <TABLE_FIELD FIELD_KEY="link_options"><![CDATA[a:1:{i:0;s:9:&quot;logged_in&quot;;}]]></TABLE_FIELD>
      <TABLE_FIELD FIELD_KEY="menu_id"><![CDATA[9]]></TABLE_FIELD>
      <TABLE_FIELD FIELD_KEY="auth_level"><![CDATA[a:2:{i:0;s:2:&quot;98&quot;;i:1;s:2:&quot;99&quot;;}]]></TABLE_FIELD>
      <TABLE_FIELD FIELD_KEY="sub_menu_name"><![CDATA[MyAccount]]></TABLE_FIELD>
      <TABLE_FIELD FIELD_KEY="title"><![CDATA[]]></TABLE_FIELD>
      <TABLE_FIELD FIELD_KEY="logged_in"><![CDATA[0]]></TABLE_FIELD>
      <TABLE_FIELD FIELD_KEY="logged_out"><![CDATA[0]]></TABLE_FIELD>
      <TABLE_FIELD FIELD_KEY="append_previous_url"><![CDATA[0]]></TABLE_FIELD>
      <TABLE_FIELD FIELD_KEY="enabled"><![CDATA[0]]></TABLE_FIELD>
      <TABLE_FIELD FIELD_KEY="option_id"><![CDATA[1546812590-0-107]]></TABLE_FIELD>
      <TABLE_FIELD FIELD_KEY="creation_time"><![CDATA[1546812590]]></TABLE_FIELD>
    </TABLE_ROW>
    <TABLE_ROW ROW_ID="108">
      <TABLE_FIELD FIELD_KEY="title"><![CDATA[]]></TABLE_FIELD>
      <TABLE_FIELD FIELD_KEY="logged_in"><![CDATA[0]]></TABLE_FIELD>
      <TABLE_FIELD FIELD_KEY="logged_out"><![CDATA[0]]></TABLE_FIELD>
      <TABLE_FIELD FIELD_KEY="append_previous_url"><![CDATA[0]]></TABLE_FIELD>
      <TABLE_FIELD FIELD_KEY="enabled"><![CDATA[0]]></TABLE_FIELD>
      <TABLE_FIELD FIELD_KEY="option_id"><![CDATA[1551691664-0-108]]></TABLE_FIELD>
      <TABLE_FIELD FIELD_KEY="creation_time"><![CDATA[1551691664]]></TABLE_FIELD>
      <TABLE_FIELD FIELD_KEY="option_name"><![CDATA[Update Site]]></TABLE_FIELD>
      <TABLE_FIELD FIELD_KEY="url"><![CDATA[/widgets/PageCarton_NewSiteWizard?mode=publisher]]></TABLE_FIELD>
      <TABLE_FIELD FIELD_KEY="link_options"><![CDATA[a:1:{i:0;s:9:&quot;logged_in&quot;;}]]></TABLE_FIELD>
      <TABLE_FIELD FIELD_KEY="menu_id"><![CDATA[24]]></TABLE_FIELD>
      <TABLE_FIELD FIELD_KEY="auth_level"><![CDATA[a:2:{i:0;s:2:&quot;98&quot;;i:1;s:2:&quot;99&quot;;}]]></TABLE_FIELD>
      <TABLE_FIELD FIELD_KEY="sub_menu_name"><![CDATA[]]></TABLE_FIELD>
      <TABLE_FIELD FIELD_KEY="modified_time"><![CDATA[1551691768]]></TABLE_FIELD>
    </TABLE_ROW>
  </RECORDS>
  <TABLE_SETTINGS>
    <DATA_TYPES option_name="INPUTTEXT" url="INPUTTEXT" menu_id="INPUTTEXT" title="INPUTTEXT" logged_in="INT" logged_out="INT" append_previous_url="INT" auth_level="ARRAY" enabled="INT" link_options="ARRAY" sub_menu_name="INPUTTEXT" option_id="INPUTTEXT"/>
    <FOREIGN_KEYS/>
    <RELATIVES/>
  </TABLE_SETTINGS>
</DOCUMENT_ELEMENT>
