<?xml version="1.0" encoding="utf-8"?>
<DOCUMENT_ELEMENT table_name="table" creation_time="1529497659" modified_time="1529497659" table_version="0.3" module_version="1.00" table_class="PageCarton_Cron_Table" creation_ip="2130706433">
  <RECORDS autoId="2">
    <TABLE_ROW ROW_ID="1">
      <TABLE_FIELD FIELD_KEY="class_name"><![CDATA[Application_Cache_Clear]]></TABLE_FIELD>
      <TABLE_FIELD FIELD_KEY="cron_parameters"><![CDATA[{&quot;clear_all&quot;:true}]]></TABLE_FIELD>
      <TABLE_FIELD FIELD_KEY="cron_interval"><![CDATA[604800]]></TABLE_FIELD>
      <TABLE_FIELD FIELD_KEY="table_id"><![CDATA[1529493858-0-3]]></TABLE_FIELD>
      <TABLE_FIELD FIELD_KEY="creation_time"><![CDATA[1529493858]]></TABLE_FIELD>
      <TABLE_FIELD FIELD_KEY="modified_time"><![CDATA[]]></TABLE_FIELD>
    </TABLE_ROW>
  </RECORDS>
  <TABLE_SETTINGS>
    <DATA_TYPES class_name="INPUTTEXT" cron_parameters="JSON" cron_interval="INT" table_id="INPUTTEXT" creation_time="INPUTTEXT" modified_time="INPUTTEXT"/>
    <FOREIGN_KEYS/>
    <RELATIVES/>
  </TABLE_SETTINGS>
</DOCUMENT_ELEMENT>
