<?xml version="1.0" encoding="utf-8"?>
<DOCUMENT_ELEMENT table_name="gender" creation_time="1535352543" modified_time="1535352543" table_version="0.0" module_version="1.00" table_class="Application_Gender" creation_ip="2130706433">
  <RECORDS autoId="3">
    <TABLE_ROW ROW_ID="1">
      <TABLE_FIELD FIELD_KEY="gender"><![CDATA[Male]]></TABLE_FIELD>
      <TABLE_FIELD FIELD_KEY="gender_id"><![CDATA[1535352543-0-1]]></TABLE_FIELD>
      <TABLE_FIELD FIELD_KEY="creation_time"><![CDATA[1535352543]]></TABLE_FIELD>
      <TABLE_FIELD FIELD_KEY="modified_time"><![CDATA[]]></TABLE_FIELD>
    </TABLE_ROW>
    <TABLE_ROW ROW_ID="2">
      <TABLE_FIELD FIELD_KEY="gender_id"><![CDATA[1535352606-0-2]]></TABLE_FIELD>
      <TABLE_FIELD FIELD_KEY="creation_time"><![CDATA[1535352605]]></TABLE_FIELD>
      <TABLE_FIELD FIELD_KEY="gender"><![CDATA[Female]]></TABLE_FIELD>
      <TABLE_FIELD FIELD_KEY="modified_time"><![CDATA[1535353277]]></TABLE_FIELD>
    </TABLE_ROW>
  </RECORDS>
  <TABLE_SETTINGS>
    <DATA_TYPES gender="INPUTTEXT" gender_id="INPUTTEXT" creation_time="INPUTTEXT" modified_time="INPUTTEXT"/>
    <FOREIGN_KEYS/>
    <RELATIVES/>
  </TABLE_SETTINGS>
</DOCUMENT_ELEMENT>
