<?xml version="1.0" encoding="utf-8"?>
<DOCUMENT_ELEMENT table_name="yesorno" creation_time="1535351242" modified_time="1535351242" table_version="0.0" module_version="1.00" table_class="Application_YesOrNo" creation_ip="2130706433">
  <RECORDS autoId="3">
    <TABLE_ROW ROW_ID="1">
      <TABLE_FIELD FIELD_KEY="answer"><![CDATA[No]]></TABLE_FIELD>
      <TABLE_FIELD FIELD_KEY="answer_value"><![CDATA[0]]></TABLE_FIELD>
      <TABLE_FIELD FIELD_KEY="yesorno_id"><![CDATA[1535351242-0-1]]></TABLE_FIELD>
      <TABLE_FIELD FIELD_KEY="creation_time"><![CDATA[1535351242]]></TABLE_FIELD>
      <TABLE_FIELD FIELD_KEY="modified_time"><![CDATA[]]></TABLE_FIELD>
    </TABLE_ROW>
    <TABLE_ROW ROW_ID="2">
      <TABLE_FIELD FIELD_KEY="yesorno_id"><![CDATA[1535351274-0-2]]></TABLE_FIELD>
      <TABLE_FIELD FIELD_KEY="creation_time"><![CDATA[1535351274]]></TABLE_FIELD>
      <TABLE_FIELD FIELD_KEY="answer"><![CDATA[Yes]]></TABLE_FIELD>
      <TABLE_FIELD FIELD_KEY="answer_value"><![CDATA[1]]></TABLE_FIELD>
      <TABLE_FIELD FIELD_KEY="modified_time"><![CDATA[1535352448]]></TABLE_FIELD>
    </TABLE_ROW>
  </RECORDS>
  <TABLE_SETTINGS>
    <DATA_TYPES answer="INPUTTEXT" answer_value="INT" yesorno_id="INPUTTEXT" creation_time="INPUTTEXT" modified_time="INPUTTEXT"/>
    <FOREIGN_KEYS/>
    <RELATIVES/>
  </TABLE_SETTINGS>
</DOCUMENT_ELEMENT>
