<?xml version="1.0" encoding="utf-8"?>
<DOCUMENT_ELEMENT table_name="template" creation_time="1529141905" modified_time="1529141905" table_version="0.08" module_version="1.00" table_class="Application_Slideshow_Template" creation_ip="2130706433">
  <RECORDS autoId="7">
    <TABLE_ROW ROW_ID="1">
      <TABLE_FIELD FIELD_KEY="template_label"><![CDATA[SlidesJS]]></TABLE_FIELD>
      <TABLE_FIELD FIELD_KEY="template_name"><![CDATA[SlidesJS]]></TABLE_FIELD>
      <TABLE_FIELD FIELD_KEY="markup_template"><![CDATA[&lt;img src=&quot;{{{slideshow_image}}}&quot; alt=&quot;&quot; title=&quot;&quot; &gt;]]></TABLE_FIELD>
      <TABLE_FIELD FIELD_KEY="template_options"><![CDATA[[&quot;css&quot;,&quot;javascript&quot;,&quot;padding&quot;]]]></TABLE_FIELD>
      <TABLE_FIELD FIELD_KEY="markup_template_prefix"><![CDATA[&lt;div class=&quot;slidesjscontainer&quot; id=&quot;slidesjs{{{template_instance_count}}}&quot;&gt;]]></TABLE_FIELD>
      <TABLE_FIELD FIELD_KEY="markup_template_median"><![CDATA[]]></TABLE_FIELD>
      <TABLE_FIELD FIELD_KEY="markup_template_suffix"><![CDATA[&lt;/div&gt;]]></TABLE_FIELD>
      <TABLE_FIELD FIELD_KEY="max_group_no"><![CDATA[0]]></TABLE_FIELD>
      <TABLE_FIELD FIELD_KEY="javascript_files"><![CDATA[[&quot;\/public\/2018\/03\/03\/jquery_slides_min_1__js.js&quot;]]]></TABLE_FIELD>
      <TABLE_FIELD FIELD_KEY="javascript_code"><![CDATA[    $(function() {
      $('#slidesjs{{{template_instance_count}}}').slidesjs({
        width: {{{width}}},
        height: {{{height}}},
        play: {
          active: true,
          auto: true,
          interval: 4000,
          swap: true
        }
      });
    });]]></TABLE_FIELD>
      <TABLE_FIELD FIELD_KEY="css_files"><![CDATA[[&quot;\/public\/2018\/03\/03\/slideJs_css.css&quot;]]]></TABLE_FIELD>
      <TABLE_FIELD FIELD_KEY="css_code"><![CDATA[    /* Prevents slides from flashing */
    .slidesjscontainer {
      display:none;
    }]]></TABLE_FIELD>
      <TABLE_FIELD FIELD_KEY="template_screenshot"><![CDATA[]]></TABLE_FIELD>
      <TABLE_FIELD FIELD_KEY="template_id"><![CDATA[0-0-6]]></TABLE_FIELD>
      <TABLE_FIELD FIELD_KEY="creation_time"><![CDATA[1529141905]]></TABLE_FIELD>
      <TABLE_FIELD FIELD_KEY="modified_time"><![CDATA[]]></TABLE_FIELD>
    </TABLE_ROW>
    <TABLE_ROW ROW_ID="2">
      <TABLE_FIELD FIELD_KEY="template_name"><![CDATA[ZoomSlider]]></TABLE_FIELD>
      <TABLE_FIELD FIELD_KEY="template_screenshot"><![CDATA[]]></TABLE_FIELD>
      <TABLE_FIELD FIELD_KEY="template_id"><![CDATA[1496-0-7]]></TABLE_FIELD>
      <TABLE_FIELD FIELD_KEY="template_label"><![CDATA[Zoom Slider]]></TABLE_FIELD>
      <TABLE_FIELD FIELD_KEY="markup_template"><![CDATA[&quot;{{{slideshow_image}}}&quot;]]></TABLE_FIELD>
      <TABLE_FIELD FIELD_KEY="template_options"><![CDATA[[&quot;css&quot;,&quot;javascript&quot;,&quot;padding&quot;]]]></TABLE_FIELD>
      <TABLE_FIELD FIELD_KEY="markup_template_prefix"><![CDATA[&lt;div id=&quot;zoom-slider{{{template_instance_count}}}&quot; style=&quot;min-height:300px;&quot; data-zs-src='[]]></TABLE_FIELD>
      <TABLE_FIELD FIELD_KEY="markup_template_median"><![CDATA[,]]></TABLE_FIELD>
      <TABLE_FIELD FIELD_KEY="markup_template_suffix"><![CDATA[]' data-zs-overlay=&quot;dots&quot;&gt;
	&lt;/div&gt;]]></TABLE_FIELD>
      <TABLE_FIELD FIELD_KEY="max_group_no"><![CDATA[0]]></TABLE_FIELD>
      <TABLE_FIELD FIELD_KEY="javascript_files"><![CDATA[[&quot;\/public\/2017\/09\/02\/modernizr_2_6_2_min_js_2.js&quot;,&quot;\/public\/2017\/09\/02\/jquery_zoomslider_min_js_2.js&quot;]]]></TABLE_FIELD>
      <TABLE_FIELD FIELD_KEY="javascript_code"><![CDATA[]]></TABLE_FIELD>
      <TABLE_FIELD FIELD_KEY="css_files"><![CDATA[[&quot;\/public\/2017\/09\/02\/zoomslider_css.css&quot;]]]></TABLE_FIELD>
      <TABLE_FIELD FIELD_KEY="css_code"><![CDATA[]]></TABLE_FIELD>
      <TABLE_FIELD FIELD_KEY="creation_time"><![CDATA[1529141905]]></TABLE_FIELD>
      <TABLE_FIELD FIELD_KEY="modified_time"><![CDATA[]]></TABLE_FIELD>
    </TABLE_ROW>
    <TABLE_ROW ROW_ID="3">
      <TABLE_FIELD FIELD_KEY="template_label"><![CDATA[Slick]]></TABLE_FIELD>
      <TABLE_FIELD FIELD_KEY="template_name"><![CDATA[Slick]]></TABLE_FIELD>
      <TABLE_FIELD FIELD_KEY="markup_template"><![CDATA[&lt;div title=&quot;{{{image_title}}}&quot; &gt;
  &lt;a href=&quot;{{{image_link}}}&quot; &gt;	&lt;img src=&quot;{{{slideshow_image}}}&quot; alt=&quot;&quot; &gt;&lt;/a&gt;
	&lt;div class=&quot;slick-text-content pc-well pc-bg-color&quot; style=&quot;&quot; &gt;
	&lt;div class=&quot;&quot; style=&quot; height:5em; overflow:hidden;&quot; &gt; 
	&lt;h3&gt;
  &lt;a href=&quot;{{{image_link}}}&quot; &gt;{{{image_title}}}&lt;/a&gt;
  &lt;/h3&gt;
	&lt;p&gt;{{{image_description}}} &lt;a href=&quot;{{{image_link}}}&quot; &gt;...&lt;/a&gt; &lt;/p&gt;
&lt;/div&gt;
&lt;/div&gt;
&lt;/div&gt;]]></TABLE_FIELD>
      <TABLE_FIELD FIELD_KEY="template_options"><![CDATA[[&quot;css&quot;,&quot;javascript&quot;,&quot;padding&quot;]]]></TABLE_FIELD>
      <TABLE_FIELD FIELD_KEY="markup_template_prefix"><![CDATA[&lt;div class=&quot;slick_{{{template_instance_count}}}&quot;&gt;]]></TABLE_FIELD>
      <TABLE_FIELD FIELD_KEY="markup_template_suffix"><![CDATA[&lt;/div&gt;]]></TABLE_FIELD>
      <TABLE_FIELD FIELD_KEY="max_group_no"><![CDATA[0]]></TABLE_FIELD>
      <TABLE_FIELD FIELD_KEY="javascript_files"><![CDATA[[&quot;\/public\/2015\/10\/21\/slick_min_js.js&quot;]]]></TABLE_FIELD>
      <TABLE_FIELD FIELD_KEY="javascript_code"><![CDATA[$('.slick_{{{template_instance_count}}}').slick({
  dots: true,
  infinite: true,
  autoplay: true,
  speed: 300,
  slidesToShow: ( {{{image_limit}}}/3 ) ? ( {{{image_limit}}}/3 ) : 1,
  slidesToScroll: 1,
  responsive: [
    {
      breakpoint: 1024,
      settings: {
        slidesToShow: 2,
        slidesToScroll: 1,
        infinite: true,
        dots: true
      }
    },
    {
      breakpoint: 600,
      settings: {
        slidesToShow: 2,
        slidesToScroll: 1
      }
    },
    {
      breakpoint: 480,
      settings: {
        slidesToShow: 1,
        slidesToScroll: 1
      }
    }
    // You can unslick at a given breakpoint now by adding:
    // settings: &quot;unslick&quot;
    // instead of a settings object
  ]
});
]]></TABLE_FIELD>
      <TABLE_FIELD FIELD_KEY="css_files"><![CDATA[[&quot;\/public\/2015\/10\/21\/slick_css.css&quot;,&quot;\/public\/2015\/10\/21\/slick_theme_css.css&quot;]]]></TABLE_FIELD>
      <TABLE_FIELD FIELD_KEY="css_code"><![CDATA[]]></TABLE_FIELD>
      <TABLE_FIELD FIELD_KEY="template_screenshot"><![CDATA[]]></TABLE_FIELD>
      <TABLE_FIELD FIELD_KEY="template_id"><![CDATA[1496-0-6]]></TABLE_FIELD>
      <TABLE_FIELD FIELD_KEY="markup_template_median"><![CDATA[]]></TABLE_FIELD>
      <TABLE_FIELD FIELD_KEY="creation_time"><![CDATA[1529141906]]></TABLE_FIELD>
      <TABLE_FIELD FIELD_KEY="modified_time"><![CDATA[]]></TABLE_FIELD>
    </TABLE_ROW>
    <TABLE_ROW ROW_ID="4">
      <TABLE_FIELD FIELD_KEY="template_name"><![CDATA[yahoo-style]]></TABLE_FIELD>
      <TABLE_FIELD FIELD_KEY="template_screenshot"><![CDATA[]]></TABLE_FIELD>
      <TABLE_FIELD FIELD_KEY="template_id"><![CDATA[1496-0-5]]></TABLE_FIELD>
      <TABLE_FIELD FIELD_KEY="template_label"><![CDATA[Yahoo News Slide]]></TABLE_FIELD>
      <TABLE_FIELD FIELD_KEY="markup_template"><![CDATA[&lt;li&gt;
			&lt;a href=&quot;{{{image_link}}}&quot;&gt;&lt;img src=&quot;{{{slideshow_image}}}&quot; width=&quot;&quot; height=&quot;&quot; alt=&quot;&quot; /&gt;&lt;/a&gt;
			&lt;h3&gt;&lt;a href=&quot;{{{image_link}}}&quot;&gt;{{{image_title}}}&lt;/a&gt;&lt;/h3&gt;
			&lt;p&gt;{{{image_description}}} &lt;br /&gt;&lt;a href=&quot;{{{image_link}}}&quot;&gt; » read more&lt;/a&gt;&lt;/p&gt;
		&lt;/li&gt;]]></TABLE_FIELD>
      <TABLE_FIELD FIELD_KEY="template_options"><![CDATA[[&quot;css&quot;,&quot;javascript&quot;,&quot;padding&quot;]]]></TABLE_FIELD>
      <TABLE_FIELD FIELD_KEY="markup_template_prefix"><![CDATA[		&lt;ul id=&quot;newsslider{{{template_instance_count}}}&quot;&gt;	  
	  ]]></TABLE_FIELD>
      <TABLE_FIELD FIELD_KEY="markup_template_suffix"><![CDATA[	&lt;/ul&gt;
	  ]]></TABLE_FIELD>
      <TABLE_FIELD FIELD_KEY="max_group_no"><![CDATA[0]]></TABLE_FIELD>
      <TABLE_FIELD FIELD_KEY="javascript_files"><![CDATA[[&quot;\/public\/2016\/07\/20\/jquery_accessible_news_slider_.js&quot;]]]></TABLE_FIELD>
      <TABLE_FIELD FIELD_KEY="javascript_code"><![CDATA[jQuery(document).ready(function() {

	jQuery('#newsslider{{{template_instance_count}}}').accessNews({  
	
	});
});	       
]]></TABLE_FIELD>
      <TABLE_FIELD FIELD_KEY="css_files"><![CDATA[[&quot;\/public\/2016\/07\/20\/base_css.css&quot;,&quot;\/public\/2016\/07\/20\/theme_css.css&quot;]]]></TABLE_FIELD>
      <TABLE_FIELD FIELD_KEY="css_code"><![CDATA[]]></TABLE_FIELD>
      <TABLE_FIELD FIELD_KEY="markup_template_median"><![CDATA[]]></TABLE_FIELD>
      <TABLE_FIELD FIELD_KEY="creation_time"><![CDATA[1529141906]]></TABLE_FIELD>
      <TABLE_FIELD FIELD_KEY="modified_time"><![CDATA[]]></TABLE_FIELD>
    </TABLE_ROW>
    <TABLE_ROW ROW_ID="5">
      <TABLE_FIELD FIELD_KEY="template_name"><![CDATA[zAccordion]]></TABLE_FIELD>
      <TABLE_FIELD FIELD_KEY="template_screenshot"><![CDATA[]]></TABLE_FIELD>
      <TABLE_FIELD FIELD_KEY="template_id"><![CDATA[1077-0-3]]></TABLE_FIELD>
      <TABLE_FIELD FIELD_KEY="css_files"><![CDATA[[&quot;\/public\/2014\/08\/31\/nivo-slider_css.css&quot;]]]></TABLE_FIELD>
      <TABLE_FIELD FIELD_KEY="css_code"><![CDATA[]]></TABLE_FIELD>
      <TABLE_FIELD FIELD_KEY="template_label"><![CDATA[zAccordion]]></TABLE_FIELD>
      <TABLE_FIELD FIELD_KEY="markup_template"><![CDATA[&lt;li&gt;
&lt;img src=&quot;{{{slideshow_image}}}&quot; width=&quot;100%&quot; height=&quot;100%&quot; alt=&quot;{{{image_title}}}: {{{image_description}}}&quot; /&gt;
&lt;div&gt;
	&lt;strong&gt;{{{image_title}}}&lt;/strong&gt;
	&lt;p&gt;{{{image_description}}}&lt;/p&gt;
&lt;/div&gt;
&lt;/li&gt;]]></TABLE_FIELD>
      <TABLE_FIELD FIELD_KEY="template_options"><![CDATA[[&quot;javascript&quot;,&quot;padding&quot;]]]></TABLE_FIELD>
      <TABLE_FIELD FIELD_KEY="markup_template_prefix"><![CDATA[&lt;style&gt;
	#slider{{{template_instance_count}}} li{overflow:visible!important}
	#slider{{{template_instance_count}}} div{background-color:rgba(0,0,0,0.5);bottom:0;height:100px;left:0;position:absolute;z-index:10}
	#slider{{{template_instance_count}}} .slider{{{template_instance_count}}}-closed div{width:100px}
	#slider{{{template_instance_count}}} strong{color:#fff;display:block;margin-bottom:5px;padding:10px 10px 0;text-shadow:none}
	#slider{{{template_instance_count}}} p{color:#fff;display:block;font-size:14px;padding:0 10px;text-shadow:none}
	#slider{{{template_instance_count}}} .slider{{{template_instance_count}}}-open strong{color:#fff;font-size:22px}
	#slider{{{template_instance_count}}} .slider{{{template_instance_count}}}-closed strong{font-size:18px;margin-bottom:5px}
	#slider{{{template_instance_count}}} .slider{{{template_instance_count}}}-closed p{display:none}.ie8 
	#slider{{{template_instance_count}}} div{background:#000}
&lt;/style&gt;
&lt;ul id=&quot;slider{{{template_instance_count}}}&quot;&gt;]]></TABLE_FIELD>
      <TABLE_FIELD FIELD_KEY="markup_template_suffix"><![CDATA[&lt;/ul&gt;]]></TABLE_FIELD>
      <TABLE_FIELD FIELD_KEY="max_group_no"><![CDATA[0]]></TABLE_FIELD>
      <TABLE_FIELD FIELD_KEY="javascript_files"><![CDATA[[&quot;\/public\/2015\/05\/04\/jquery_zaccordion_min_js.js&quot;,&quot;\/public\/2015\/05\/06\/jquery_easing_js.js&quot;]]]></TABLE_FIELD>
      <TABLE_FIELD FIELD_KEY="javascript_code"><![CDATA[$(document).ready(function() {	
//	  alert( ( {{{height}}} * ( $(&quot;#slider{{{template_instance_count}}}&quot;).width() ) ) / {{{width}}} );
	$(&quot;#slider{{{template_instance_count}}}&quot;).zAccordion({
		slideWidth: &quot;75%&quot;,
		animationStart: function () {
			$('#slider{{{template_instance_count}}}').find('li.slider{{{template_instance_count}}}-open div').css('display', 'none');
			$('#slider{{{template_instance_count}}}').find('li.slider{{{template_instance_count}}}-previous div').css('display', 'none');
		},
		animationComplete: function () {
			$('#slider{{{template_instance_count}}}').find('li div').fadeIn(600);
		},
		startingSlide: 1,
		easing: 'easeOutBounce',
		timeout: Math.floor( &quot;{{{timeout}}}&quot; ) &gt; 5500 ? Math.floor( &quot;{{{timeout}}}&quot; ) : 5500,
		width: &quot;100%&quot;,
		slideClass: 'slider{{{template_instance_count}}}',
		height: ( ( ( {{{height}}} * ( $(&quot;#slider{{{template_instance_count}}}&quot;).width() ) ) / {{{width}}} ) * 75/100 )
	});
	$(window).resize(function() {
		$(&quot;#slider{{{template_instance_count}}}&quot;).height( ( ( ( {{{height}}} * ( $(&quot;#slider{{{template_instance_count}}}&quot;).width() ) ) / {{{width}}} ) * 75/100 ) );
		$(&quot;#slider{{{template_instance_count}}} li&quot;).height( ( ( ( {{{height}}} * ( $(&quot;#slider{{{template_instance_count}}}&quot;).width() ) ) / {{{width}}} ) * 75/100 ) );
		$(&quot;#slider{{{template_instance_count}}} img&quot;).height( ( ( ( {{{height}}} * ( $(&quot;#slider{{{template_instance_count}}}&quot;).width() ) ) / {{{width}}} ) * 75/100 ) );
	});
});]]></TABLE_FIELD>
      <TABLE_FIELD FIELD_KEY="markup_template_median"><![CDATA[]]></TABLE_FIELD>
      <TABLE_FIELD FIELD_KEY="creation_time"><![CDATA[1529141906]]></TABLE_FIELD>
      <TABLE_FIELD FIELD_KEY="modified_time"><![CDATA[]]></TABLE_FIELD>
    </TABLE_ROW>
    <TABLE_ROW ROW_ID="6">
      <TABLE_FIELD FIELD_KEY="template_name"><![CDATA[NivoSlider]]></TABLE_FIELD>
      <TABLE_FIELD FIELD_KEY="template_screenshot"><![CDATA[]]></TABLE_FIELD>
      <TABLE_FIELD FIELD_KEY="template_id"><![CDATA[1077-0-3]]></TABLE_FIELD>
      <TABLE_FIELD FIELD_KEY="template_label"><![CDATA[Nivo Slider]]></TABLE_FIELD>
      <TABLE_FIELD FIELD_KEY="markup_template"><![CDATA[&lt;a href=&quot;{{{image_link}}}&quot;&gt;&lt;img src=&quot;{{{slideshow_image}}}&quot; alt=&quot;{{{image_description}}}&quot; title=&quot;{{{image_description}}}&quot; /&gt;&lt;/a&gt;]]></TABLE_FIELD>
      <TABLE_FIELD FIELD_KEY="template_options"><![CDATA[[&quot;css&quot;,&quot;javascript&quot;,&quot;padding&quot;]]]></TABLE_FIELD>
      <TABLE_FIELD FIELD_KEY="markup_template_prefix"><![CDATA[&lt;div  class=&quot;nivoSlider&quot; id=&quot;slider{{{template_instance_count}}}&quot; class=&quot;nivoSlider{{{template_instance_count}}}&quot;&gt;]]></TABLE_FIELD>
      <TABLE_FIELD FIELD_KEY="markup_template_suffix"><![CDATA[&lt;/div&gt;]]></TABLE_FIELD>
      <TABLE_FIELD FIELD_KEY="max_group_no"><![CDATA[0]]></TABLE_FIELD>
      <TABLE_FIELD FIELD_KEY="javascript_files"><![CDATA[[&quot;\/public\/2014\/08\/31\/jquery_nivo_slider_pack_js.js&quot;]]]></TABLE_FIELD>
      <TABLE_FIELD FIELD_KEY="javascript_code"><![CDATA[		
			
			$(document).ready(function() {
				$('#slider{{{template_instance_count}}}').nivoSlider({
				  prevText: '',
				  nextText: '',
				  controlNav: false,
				});
			});]]></TABLE_FIELD>
      <TABLE_FIELD FIELD_KEY="css_files"><![CDATA[[&quot;\/public\/2014\/08\/31\/nivo-slider_css.css&quot;]]]></TABLE_FIELD>
      <TABLE_FIELD FIELD_KEY="css_code"><![CDATA[]]></TABLE_FIELD>
      <TABLE_FIELD FIELD_KEY="markup_template_median"><![CDATA[]]></TABLE_FIELD>
      <TABLE_FIELD FIELD_KEY="creation_time"><![CDATA[1529141906]]></TABLE_FIELD>
      <TABLE_FIELD FIELD_KEY="modified_time"><![CDATA[]]></TABLE_FIELD>
    </TABLE_ROW>
  </RECORDS>
  <TABLE_SETTINGS>
    <DATA_TYPES template_name="INPUTTEXT,UNIQUE" template_label="INPUTTEXT" template_screenshot="INPUTTEXT" markup_template="INPUTTEXT" markup_template_prefix="INPUTTEXT" markup_template_suffix="INPUTTEXT" markup_template_median="INPUTTEXT" max_group_no="INT" template_options="JSON" javascript_files="JSON" javascript_code="TEXTAREA" css_code="TEXTAREA" css_files="JSON" template_id="INPUTTEXT" creation_time="INPUTTEXT" modified_time="INPUTTEXT"/>
    <FOREIGN_KEYS/>
    <RELATIVES/>
  </TABLE_SETTINGS>
</DOCUMENT_ELEMENT>
