<?xml version="1.0" encoding="utf-8"?>
<DOCUMENT_ELEMENT table_name="document" creation_time="1397758140" table_version="0.01" module_version="1.00" table_class="Ayoola_Doc_Document" creation_ip="2130706433">
  <RECORDS autoId="4">
    <TABLE_ROW ROW_ID="125">
      <TABLE_FIELD FIELD_KEY="document_filename"><![CDATA[D:\Documents\vanity_web\application\documents\css\2\ayoola.css]]></TABLE_FIELD>
      <TABLE_FIELD FIELD_KEY="document_name"><![CDATA[ayoola.css]]></TABLE_FIELD>
      <TABLE_FIELD FIELD_KEY="document_url"><![CDATA[/css/2/ayoola.css]]></TABLE_FIELD>
      <TABLE_FIELD FIELD_KEY="document_id"><![CDATA[125]]></TABLE_FIELD>
    </TABLE_ROW>
    <TABLE_ROW ROW_ID="124">
      <TABLE_FIELD FIELD_KEY="document_filename"><![CDATA[D:\Documents\vanity_web\application\documents\png\3\logo.png]]></TABLE_FIELD>
      <TABLE_FIELD FIELD_KEY="document_name"><![CDATA[logo.png]]></TABLE_FIELD>
      <TABLE_FIELD FIELD_KEY="document_url"><![CDATA[/png/3/logo.png]]></TABLE_FIELD>
      <TABLE_FIELD FIELD_KEY="document_id"><![CDATA[124]]></TABLE_FIELD>
    </TABLE_ROW>
    <TABLE_ROW ROW_ID="121">
      <TABLE_FIELD FIELD_KEY="document_filename"><![CDATA[D:\Documents\vanity_web\application\documents\css\1\5_bars_1024.css]]></TABLE_FIELD>
      <TABLE_FIELD FIELD_KEY="document_name"><![CDATA[5_bars_1024.css]]></TABLE_FIELD>
      <TABLE_FIELD FIELD_KEY="document_url"><![CDATA[/css/1/5_bars_1024.css]]></TABLE_FIELD>
      <TABLE_FIELD FIELD_KEY="document_id"><![CDATA[121]]></TABLE_FIELD>
    </TABLE_ROW>
    <TABLE_ROW ROW_ID="120">
      <TABLE_FIELD FIELD_KEY="document_filename"><![CDATA[D:\Documents\vanity_web\application\documents\css\4\4_bars_1024_no_rightbar.css]]></TABLE_FIELD>
      <TABLE_FIELD FIELD_KEY="document_name"><![CDATA[4_bars_1024_no_rightbar.css]]></TABLE_FIELD>
      <TABLE_FIELD FIELD_KEY="document_url"><![CDATA[/css/4/4_bars_1024_no_rightbar.css]]></TABLE_FIELD>
      <TABLE_FIELD FIELD_KEY="document_id"><![CDATA[120]]></TABLE_FIELD>
    </TABLE_ROW>
    <TABLE_ROW ROW_ID="119">
      <TABLE_FIELD FIELD_KEY="document_filename"><![CDATA[D:\Documents\vanity_web\application\documents\css\4\4_bars_1024_no_leftbar.css]]></TABLE_FIELD>
      <TABLE_FIELD FIELD_KEY="document_name"><![CDATA[4_bars_1024_no_leftbar.css]]></TABLE_FIELD>
      <TABLE_FIELD FIELD_KEY="document_url"><![CDATA[/css/4/4_bars_1024_no_leftbar.css]]></TABLE_FIELD>
      <TABLE_FIELD FIELD_KEY="document_id"><![CDATA[119]]></TABLE_FIELD>
    </TABLE_ROW>
    <TABLE_ROW ROW_ID="118">
      <TABLE_FIELD FIELD_KEY="document_filename"><![CDATA[D:\Documents\vanity_web\application\documents\css\6\0_bars_100Percent.css]]></TABLE_FIELD>
      <TABLE_FIELD FIELD_KEY="document_name"><![CDATA[0_bars_100Percent.css]]></TABLE_FIELD>
      <TABLE_FIELD FIELD_KEY="document_url"><![CDATA[/css/6/0_bars_100Percent.css]]></TABLE_FIELD>
      <TABLE_FIELD FIELD_KEY="document_id"><![CDATA[118]]></TABLE_FIELD>
    </TABLE_ROW>
    <TABLE_ROW ROW_ID="114">
      <TABLE_FIELD FIELD_KEY="document_filename"><![CDATA[D:\Documents\vanity_web\application\documents\css\4\HorizontalGreen.css]]></TABLE_FIELD>
      <TABLE_FIELD FIELD_KEY="document_name"><![CDATA[HorizontalGreen.css]]></TABLE_FIELD>
      <TABLE_FIELD FIELD_KEY="document_url"><![CDATA[/css/4/HorizontalGreen.css]]></TABLE_FIELD>
      <TABLE_FIELD FIELD_KEY="document_id"><![CDATA[114]]></TABLE_FIELD>
    </TABLE_ROW>
    <TABLE_ROW ROW_ID="113">
      <TABLE_FIELD FIELD_KEY="document_filename"><![CDATA[D:\Documents\vanity_web\application\documents\css\7\HorizontalClean.css]]></TABLE_FIELD>
      <TABLE_FIELD FIELD_KEY="document_name"><![CDATA[HorizontalClean.css]]></TABLE_FIELD>
      <TABLE_FIELD FIELD_KEY="document_url"><![CDATA[/css/7/HorizontalClean.css]]></TABLE_FIELD>
      <TABLE_FIELD FIELD_KEY="document_id"><![CDATA[113]]></TABLE_FIELD>
    </TABLE_ROW>
    <TABLE_ROW ROW_ID="112">
      <TABLE_FIELD FIELD_KEY="document_filename"><![CDATA[D:\Documents\vanity_web\application\documents\css\3\HorizontalBlue.css]]></TABLE_FIELD>
      <TABLE_FIELD FIELD_KEY="document_name"><![CDATA[HorizontalBlue.css]]></TABLE_FIELD>
      <TABLE_FIELD FIELD_KEY="document_url"><![CDATA[/css/3/HorizontalBlue.css]]></TABLE_FIELD>
      <TABLE_FIELD FIELD_KEY="document_id"><![CDATA[112]]></TABLE_FIELD>
    </TABLE_ROW>
    <TABLE_ROW ROW_ID="111">
      <TABLE_FIELD FIELD_KEY="document_filename"><![CDATA[D:\Documents\vanity_web\application\documents\css\3\HorizontalWhite.css]]></TABLE_FIELD>
      <TABLE_FIELD FIELD_KEY="document_name"><![CDATA[HorizontalWhite.css]]></TABLE_FIELD>
      <TABLE_FIELD FIELD_KEY="document_url"><![CDATA[/css/3/HorizontalWhite.css]]></TABLE_FIELD>
      <TABLE_FIELD FIELD_KEY="document_id"><![CDATA[111]]></TABLE_FIELD>
    </TABLE_ROW>
    <TABLE_ROW ROW_ID="110">
      <TABLE_FIELD FIELD_KEY="document_filename"><![CDATA[D:\Documents\vanity_web\application\documents\css\8\VerticalLight.css]]></TABLE_FIELD>
      <TABLE_FIELD FIELD_KEY="document_name"><![CDATA[VerticalLight.css]]></TABLE_FIELD>
      <TABLE_FIELD FIELD_KEY="document_url"><![CDATA[/css/8/VerticalLight.css]]></TABLE_FIELD>
      <TABLE_FIELD FIELD_KEY="document_id"><![CDATA[110]]></TABLE_FIELD>
    </TABLE_ROW>
    <TABLE_ROW ROW_ID="93">
      <TABLE_FIELD FIELD_KEY="document_filename"><![CDATA[D:\Documents\vanity_web\application\documents\png\0\abb6e_documents.png]]></TABLE_FIELD>
      <TABLE_FIELD FIELD_KEY="document_name"><![CDATA[documents.png]]></TABLE_FIELD>
      <TABLE_FIELD FIELD_KEY="document_url"><![CDATA[/png/0/abb6e_documents.png]]></TABLE_FIELD>
      <TABLE_FIELD FIELD_KEY="document_id"><![CDATA[93]]></TABLE_FIELD>
    </TABLE_ROW>
    <TABLE_ROW ROW_ID="92">
      <TABLE_FIELD FIELD_KEY="document_filename"><![CDATA[D:\Documents\vanity_web\application\documents\png\2\7e631_Mail.png]]></TABLE_FIELD>
      <TABLE_FIELD FIELD_KEY="document_name"><![CDATA[Mail.png]]></TABLE_FIELD>
      <TABLE_FIELD FIELD_KEY="document_url"><![CDATA[/png/2/7e631_Mail.png]]></TABLE_FIELD>
      <TABLE_FIELD FIELD_KEY="document_id"><![CDATA[92]]></TABLE_FIELD>
    </TABLE_ROW>
    <TABLE_ROW ROW_ID="91">
      <TABLE_FIELD FIELD_KEY="document_filename"><![CDATA[D:\Documents\vanity_web\application\documents\png\3\5c7df_message-2.png]]></TABLE_FIELD>
      <TABLE_FIELD FIELD_KEY="document_name"><![CDATA[message-2.png]]></TABLE_FIELD>
      <TABLE_FIELD FIELD_KEY="document_url"><![CDATA[/png/3/5c7df_message-2.png]]></TABLE_FIELD>
      <TABLE_FIELD FIELD_KEY="document_id"><![CDATA[91]]></TABLE_FIELD>
    </TABLE_ROW>
    <TABLE_ROW ROW_ID="90">
      <TABLE_FIELD FIELD_KEY="document_filename"><![CDATA[D:\Documents\vanity_web\application\documents\png\7\7f44a_Help.png]]></TABLE_FIELD>
      <TABLE_FIELD FIELD_KEY="document_name"><![CDATA[Help.png]]></TABLE_FIELD>
      <TABLE_FIELD FIELD_KEY="document_url"><![CDATA[/png/7/7f44a_Help.png]]></TABLE_FIELD>
      <TABLE_FIELD FIELD_KEY="document_id"><![CDATA[90]]></TABLE_FIELD>
    </TABLE_ROW>
    <TABLE_ROW ROW_ID="89">
      <TABLE_FIELD FIELD_KEY="document_filename"><![CDATA[D:\Documents\vanity_web\application\documents\png\3\1e09d_settings2.png]]></TABLE_FIELD>
      <TABLE_FIELD FIELD_KEY="document_name"><![CDATA[settings2.png]]></TABLE_FIELD>
      <TABLE_FIELD FIELD_KEY="document_url"><![CDATA[/png/3/1e09d_settings2.png]]></TABLE_FIELD>
      <TABLE_FIELD FIELD_KEY="document_id"><![CDATA[89]]></TABLE_FIELD>
    </TABLE_ROW>
    <TABLE_ROW ROW_ID="88">
      <TABLE_FIELD FIELD_KEY="document_filename"><![CDATA[D:\Documents\vanity_web\application\documents\png\4\21e79_Settings.png]]></TABLE_FIELD>
      <TABLE_FIELD FIELD_KEY="document_name"><![CDATA[Settings.png]]></TABLE_FIELD>
      <TABLE_FIELD FIELD_KEY="document_url"><![CDATA[/png/4/21e79_Settings.png]]></TABLE_FIELD>
      <TABLE_FIELD FIELD_KEY="document_id"><![CDATA[88]]></TABLE_FIELD>
    </TABLE_ROW>
    <TABLE_ROW ROW_ID="86">
      <TABLE_FIELD FIELD_KEY="document_filename"><![CDATA[D:\Documents\vanity_web\application\documents\png\9\d99b4_setting.png]]></TABLE_FIELD>
      <TABLE_FIELD FIELD_KEY="document_name"><![CDATA[setting.png]]></TABLE_FIELD>
      <TABLE_FIELD FIELD_KEY="document_url"><![CDATA[/png/9/d99b4_setting.png]]></TABLE_FIELD>
      <TABLE_FIELD FIELD_KEY="document_id"><![CDATA[86]]></TABLE_FIELD>
    </TABLE_ROW>
    <TABLE_ROW ROW_ID="81">
      <TABLE_FIELD FIELD_KEY="document_filename"><![CDATA[D:\Documents\vanity_web\application\documents\jpg\5\5ff58_ContactUs.jpg]]></TABLE_FIELD>
      <TABLE_FIELD FIELD_KEY="document_name"><![CDATA[ContactUs.jpg]]></TABLE_FIELD>
      <TABLE_FIELD FIELD_KEY="document_url"><![CDATA[/jpg/5/5ff58_ContactUs.jpg]]></TABLE_FIELD>
      <TABLE_FIELD FIELD_KEY="document_id"><![CDATA[81]]></TABLE_FIELD>
    </TABLE_ROW>
    <TABLE_ROW ROW_ID="80">
      <TABLE_FIELD FIELD_KEY="document_filename"><![CDATA[D:\Documents\vanity_web\application\documents\jpg\6\2000f_login.jpg]]></TABLE_FIELD>
      <TABLE_FIELD FIELD_KEY="document_url"><![CDATA[/jpg/6/2000f_login.jpg]]></TABLE_FIELD>
      <TABLE_FIELD FIELD_KEY="document_id"><![CDATA[80]]></TABLE_FIELD>
      <TABLE_FIELD FIELD_KEY="document_name"><![CDATA[login.jpg]]></TABLE_FIELD>
    </TABLE_ROW>
    <TABLE_ROW ROW_ID="54">
      <TABLE_FIELD FIELD_KEY="document_filename"><![CDATA[D:\Documents\vanity_web\application\documents\jpg\2\bf70c_Multicolor.jpg]]></TABLE_FIELD>
      <TABLE_FIELD FIELD_KEY="document_url"><![CDATA[/jpg/2/bf70c_Multicolor.jpg]]></TABLE_FIELD>
      <TABLE_FIELD FIELD_KEY="document_id"><![CDATA[54]]></TABLE_FIELD>
      <TABLE_FIELD FIELD_KEY="document_name"><![CDATA[Multicolors.jpg]]></TABLE_FIELD>
    </TABLE_ROW>
    <TABLE_ROW ROW_ID="1">
      <TABLE_FIELD FIELD_KEY="document_filename"><![CDATA[D:\Documents\vanity_web\application\documents\css\2\Onlinestor.css]]></TABLE_FIELD>
      <TABLE_FIELD FIELD_KEY="document_url"><![CDATA[/css/2/Onlinestor.css]]></TABLE_FIELD>
      <TABLE_FIELD FIELD_KEY="document_id"><![CDATA[1]]></TABLE_FIELD>
      <TABLE_FIELD FIELD_KEY="document_name"><![CDATA[Onlinestore.css]]></TABLE_FIELD>
    </TABLE_ROW>
    <TABLE_ROW ROW_ID="2">
      <TABLE_FIELD FIELD_KEY="document_filename"><![CDATA[D:\Documents\vanity_web\application\documents\png\2\LogoHighDe.png]]></TABLE_FIELD>
      <TABLE_FIELD FIELD_KEY="document_url"><![CDATA[/png/2/LogoHighDe.png]]></TABLE_FIELD>
      <TABLE_FIELD FIELD_KEY="document_id"><![CDATA[2]]></TABLE_FIELD>
      <TABLE_FIELD FIELD_KEY="document_name"><![CDATA[LogoHighDefinition.png]]></TABLE_FIELD>
    </TABLE_ROW>
    <TABLE_ROW ROW_ID="5">
      <TABLE_FIELD FIELD_KEY="document_filename"><![CDATA[D:\Documents\www\default\application\documents\css\9\urpui.css]]></TABLE_FIELD>
      <TABLE_FIELD FIELD_KEY="document_name"><![CDATA[urpui.css]]></TABLE_FIELD>
      <TABLE_FIELD FIELD_KEY="document_url"><![CDATA[/css/9/urpui.css]]></TABLE_FIELD>
      <TABLE_FIELD FIELD_KEY="document_id"><![CDATA[5]]></TABLE_FIELD>
    </TABLE_ROW>
    <TABLE_ROW ROW_ID="6">
      <TABLE_FIELD FIELD_KEY="document_filename"><![CDATA[D:\Documents\www\default\application\documents\css\0\urp-ui-menu.css]]></TABLE_FIELD>
      <TABLE_FIELD FIELD_KEY="document_name"><![CDATA[urp-ui-menu.css]]></TABLE_FIELD>
      <TABLE_FIELD FIELD_KEY="document_url"><![CDATA[/css/0/urp-ui-menu.css]]></TABLE_FIELD>
      <TABLE_FIELD FIELD_KEY="document_id"><![CDATA[6]]></TABLE_FIELD>
    </TABLE_ROW>
    <TABLE_ROW ROW_ID="7">
      <TABLE_FIELD FIELD_KEY="document_filename"><![CDATA[D:\Documents\www\default\application\documents\css\0\notebook-s.css]]></TABLE_FIELD>
      <TABLE_FIELD FIELD_KEY="document_name"><![CDATA[notebook-s.css]]></TABLE_FIELD>
      <TABLE_FIELD FIELD_KEY="document_url"><![CDATA[/css/0/notebook-s.css]]></TABLE_FIELD>
      <TABLE_FIELD FIELD_KEY="document_id"><![CDATA[7]]></TABLE_FIELD>
    </TABLE_ROW>
    <TABLE_ROW ROW_ID="8">
      <TABLE_FIELD FIELD_KEY="document_filename"><![CDATA[D:\Documents\www\default\application\documents\png\6\SignUpGree.png]]></TABLE_FIELD>
      <TABLE_FIELD FIELD_KEY="document_name"><![CDATA[SignUpGree.png]]></TABLE_FIELD>
      <TABLE_FIELD FIELD_KEY="document_url"><![CDATA[/png/6/SignUpGree.png]]></TABLE_FIELD>
      <TABLE_FIELD FIELD_KEY="document_id"><![CDATA[8]]></TABLE_FIELD>
    </TABLE_ROW>
    <TABLE_ROW ROW_ID="9">
      <TABLE_FIELD FIELD_KEY="document_filename"><![CDATA[D:\Documents\www\default\application\documents\png\7\verified_by_visa.png]]></TABLE_FIELD>
      <TABLE_FIELD FIELD_KEY="document_name"><![CDATA[verified_by_visa.png]]></TABLE_FIELD>
      <TABLE_FIELD FIELD_KEY="document_url"><![CDATA[/png/7/verified_by_visa.png]]></TABLE_FIELD>
      <TABLE_FIELD FIELD_KEY="document_id"><![CDATA[9]]></TABLE_FIELD>
    </TABLE_ROW>
    <TABLE_ROW ROW_ID="10">
      <TABLE_FIELD FIELD_KEY="document_filename"><![CDATA[D:\Documents\www\default\application\documents\gif\8\Interswitch_Verve_Mastercard.g.gif]]></TABLE_FIELD>
      <TABLE_FIELD FIELD_KEY="document_name"><![CDATA[Interswitch_Verve_Mastercard.g.gif]]></TABLE_FIELD>
      <TABLE_FIELD FIELD_KEY="document_url"><![CDATA[/gif/8/Interswitch_Verve_Mastercard.g.gif]]></TABLE_FIELD>
      <TABLE_FIELD FIELD_KEY="document_id"><![CDATA[10]]></TABLE_FIELD>
    </TABLE_ROW>
    <TABLE_ROW ROW_ID="11">
      <TABLE_FIELD FIELD_KEY="document_filename"><![CDATA[D:\Documents\www\default\application\documents\jpg\9\gtbank_logo.jpg]]></TABLE_FIELD>
      <TABLE_FIELD FIELD_KEY="document_name"><![CDATA[gtbank_logo.jpg]]></TABLE_FIELD>
      <TABLE_FIELD FIELD_KEY="document_url"><![CDATA[/jpg/9/gtbank_logo.jpg]]></TABLE_FIELD>
      <TABLE_FIELD FIELD_KEY="document_id"><![CDATA[11]]></TABLE_FIELD>
    </TABLE_ROW>
    <TABLE_ROW ROW_ID="12">
      <TABLE_FIELD FIELD_KEY="document_filename"><![CDATA[D:\Documents\www\default\application\documents\jpg\8\zenithbank_logo.jpg]]></TABLE_FIELD>
      <TABLE_FIELD FIELD_KEY="document_name"><![CDATA[zenithbank_logo.jpg]]></TABLE_FIELD>
      <TABLE_FIELD FIELD_KEY="document_url"><![CDATA[/jpg/8/zenithbank_logo.jpg]]></TABLE_FIELD>
      <TABLE_FIELD FIELD_KEY="document_id"><![CDATA[12]]></TABLE_FIELD>
    </TABLE_ROW>
    <TABLE_ROW ROW_ID="13">
      <TABLE_FIELD FIELD_KEY="document_filename"><![CDATA[D:\Documents\www\default\application\documents\jpg\1\Ecobank_lo.jpg]]></TABLE_FIELD>
      <TABLE_FIELD FIELD_KEY="document_name"><![CDATA[Ecobank_lo.jpg]]></TABLE_FIELD>
      <TABLE_FIELD FIELD_KEY="document_url"><![CDATA[/jpg/1/Ecobank_lo.jpg]]></TABLE_FIELD>
      <TABLE_FIELD FIELD_KEY="document_id"><![CDATA[13]]></TABLE_FIELD>
    </TABLE_ROW>
    <TABLE_ROW ROW_ID="14">
      <TABLE_FIELD FIELD_KEY="document_filename"><![CDATA[D:\Documents\www\default\application\documents\jpg\8\metaBank-logo.jpg]]></TABLE_FIELD>
      <TABLE_FIELD FIELD_KEY="document_name"><![CDATA[metaBank-logo.jpg]]></TABLE_FIELD>
      <TABLE_FIELD FIELD_KEY="document_url"><![CDATA[/jpg/8/metaBank-logo.jpg]]></TABLE_FIELD>
      <TABLE_FIELD FIELD_KEY="document_id"><![CDATA[14]]></TABLE_FIELD>
    </TABLE_ROW>
    <TABLE_ROW ROW_ID="15">
      <TABLE_FIELD FIELD_KEY="document_filename"><![CDATA[D:\Documents\www\default\application\documents\css\3\simple-menu.css]]></TABLE_FIELD>
      <TABLE_FIELD FIELD_KEY="document_name"><![CDATA[simple-menu.css]]></TABLE_FIELD>
      <TABLE_FIELD FIELD_KEY="document_url"><![CDATA[/css/3/simple-menu.css]]></TABLE_FIELD>
      <TABLE_FIELD FIELD_KEY="document_id"><![CDATA[15]]></TABLE_FIELD>
    </TABLE_ROW>
    <TABLE_ROW ROW_ID="16">
      <TABLE_FIELD FIELD_KEY="document_filename"><![CDATA[D:\Documents\www\default\application\documents\css\3\ayoola-wallet-footer.css]]></TABLE_FIELD>
      <TABLE_FIELD FIELD_KEY="document_name"><![CDATA[ayoola-wallet-footer.css]]></TABLE_FIELD>
      <TABLE_FIELD FIELD_KEY="document_url"><![CDATA[/css/3/ayoola-wallet-footer.css]]></TABLE_FIELD>
      <TABLE_FIELD FIELD_KEY="document_id"><![CDATA[16]]></TABLE_FIELD>
    </TABLE_ROW>
    <TABLE_ROW ROW_ID="17">
      <TABLE_FIELD FIELD_KEY="document_filename"><![CDATA[D:\Documents\www\default\application\documents\css\4\ayoola-wallet-page-layout.css]]></TABLE_FIELD>
      <TABLE_FIELD FIELD_KEY="document_name"><![CDATA[ayoola-wallet-page-layout.css]]></TABLE_FIELD>
      <TABLE_FIELD FIELD_KEY="document_url"><![CDATA[/css/4/ayoola-wallet-page-layout.css]]></TABLE_FIELD>
      <TABLE_FIELD FIELD_KEY="document_id"><![CDATA[17]]></TABLE_FIELD>
    </TABLE_ROW>
    <TABLE_ROW ROW_ID="18">
      <TABLE_FIELD FIELD_KEY="document_filename"><![CDATA[D:\Documents\www\default\application\documents\css\8\avalanche-layout-style.css]]></TABLE_FIELD>
      <TABLE_FIELD FIELD_KEY="document_name"><![CDATA[avalanche-layout-style.css]]></TABLE_FIELD>
      <TABLE_FIELD FIELD_KEY="document_url"><![CDATA[/css/8/avalanche-layout-style.css]]></TABLE_FIELD>
      <TABLE_FIELD FIELD_KEY="document_id"><![CDATA[18]]></TABLE_FIELD>
    </TABLE_ROW>
    <TABLE_ROW ROW_ID="19">
      <TABLE_FIELD FIELD_KEY="document_filename"><![CDATA[D:\Documents\www\default\application\documents\png\3\button1.png]]></TABLE_FIELD>
      <TABLE_FIELD FIELD_KEY="document_name"><![CDATA[button1.png]]></TABLE_FIELD>
      <TABLE_FIELD FIELD_KEY="document_url"><![CDATA[/png/3/button1.png]]></TABLE_FIELD>
      <TABLE_FIELD FIELD_KEY="document_id"><![CDATA[19]]></TABLE_FIELD>
    </TABLE_ROW>
    <TABLE_ROW ROW_ID="20">
      <TABLE_FIELD FIELD_KEY="document_filename"><![CDATA[D:\Documents\www\default\application\documents\png\1\button2.png]]></TABLE_FIELD>
      <TABLE_FIELD FIELD_KEY="document_name"><![CDATA[button2.png]]></TABLE_FIELD>
      <TABLE_FIELD FIELD_KEY="document_url"><![CDATA[/png/1/button2.png]]></TABLE_FIELD>
      <TABLE_FIELD FIELD_KEY="document_id"><![CDATA[20]]></TABLE_FIELD>
    </TABLE_ROW>
    <TABLE_ROW ROW_ID="21">
      <TABLE_FIELD FIELD_KEY="document_filename"><![CDATA[D:\Documents\www\default\application\documents\png\7\social-media.png]]></TABLE_FIELD>
      <TABLE_FIELD FIELD_KEY="document_name"><![CDATA[social-media.png]]></TABLE_FIELD>
      <TABLE_FIELD FIELD_KEY="document_url"><![CDATA[/png/7/social-media.png]]></TABLE_FIELD>
      <TABLE_FIELD FIELD_KEY="document_id"><![CDATA[21]]></TABLE_FIELD>
    </TABLE_ROW>
    <TABLE_ROW ROW_ID="22">
      <TABLE_FIELD FIELD_KEY="document_filename"><![CDATA[D:\Documents\www\default\application\documents\css\1\Ayoola_Open_Menu.css]]></TABLE_FIELD>
      <TABLE_FIELD FIELD_KEY="document_name"><![CDATA[Ayoola_Open_Menu.css]]></TABLE_FIELD>
      <TABLE_FIELD FIELD_KEY="document_url"><![CDATA[/css/1/Ayoola_Open_Menu.css]]></TABLE_FIELD>
      <TABLE_FIELD FIELD_KEY="document_id"><![CDATA[22]]></TABLE_FIELD>
    </TABLE_ROW>
    <TABLE_ROW ROW_ID="23">
      <TABLE_FIELD FIELD_KEY="document_filename"><![CDATA[D:\Documents\www\default\application\documents\css\8\empty.css]]></TABLE_FIELD>
      <TABLE_FIELD FIELD_KEY="document_name"><![CDATA[empty.css]]></TABLE_FIELD>
      <TABLE_FIELD FIELD_KEY="document_url"><![CDATA[/css/8/empty.css]]></TABLE_FIELD>
      <TABLE_FIELD FIELD_KEY="document_id"><![CDATA[23]]></TABLE_FIELD>
    </TABLE_ROW>
    <TABLE_ROW ROW_ID="25">
      <TABLE_FIELD FIELD_KEY="document_filename"><![CDATA[D:\Documents\www\default\application\documents\css\1\list_in_line.css]]></TABLE_FIELD>
      <TABLE_FIELD FIELD_KEY="document_name"><![CDATA[list_in_line.css]]></TABLE_FIELD>
      <TABLE_FIELD FIELD_KEY="document_url"><![CDATA[/css/1/list_in_line.css]]></TABLE_FIELD>
      <TABLE_FIELD FIELD_KEY="document_id"><![CDATA[25]]></TABLE_FIELD>
    </TABLE_ROW>
  </RECORDS>
  <TABLE_SETTINGS>
    <DATA_TYPES document_filename="INPUTTEXT, UNIQUE" document_url="INPUTTEXT, UNIQUE" document_name="INPUTTEXT" document_id="INPUTTEXT"/>
    <FOREIGN_KEYS/>
    <RELATIVES/>
  </TABLE_SETTINGS>
</DOCUMENT_ELEMENT>
