<?xml version="1.0" encoding="utf-8"?>
<DOCUMENT_ELEMENT table_name="table" creation_time="1505176754" table_version="0.0" module_version="1.00" table_class="Ayoola_Doc_Table" creation_ip="0">
  <RECORDS autoId="5">
    <TABLE_ROW ROW_ID="1">
      <TABLE_FIELD FIELD_KEY="url"><![CDATA[/public/2017/09/12/Capture_PNG.png]]></TABLE_FIELD>
      <TABLE_FIELD FIELD_KEY="upload_time"><![CDATA[1505176754]]></TABLE_FIELD>
      <TABLE_FIELD FIELD_KEY="username"><![CDATA[]]></TABLE_FIELD>
      <TABLE_FIELD FIELD_KEY="access_level"><![CDATA[null]]></TABLE_FIELD>
      <TABLE_FIELD FIELD_KEY="table_id"><![CDATA[1496-0-1]]></TABLE_FIELD>
    </TABLE_ROW>
    <TABLE_ROW ROW_ID="2">
      <TABLE_FIELD FIELD_KEY="url"><![CDATA[/public/2017/10/04/Capture_PNG.png]]></TABLE_FIELD>
      <TABLE_FIELD FIELD_KEY="upload_time"><![CDATA[1507119209]]></TABLE_FIELD>
      <TABLE_FIELD FIELD_KEY="username"><![CDATA[joywealth]]></TABLE_FIELD>
      <TABLE_FIELD FIELD_KEY="access_level"><![CDATA[null]]></TABLE_FIELD>
      <TABLE_FIELD FIELD_KEY="table_id"><![CDATA[0-0-2]]></TABLE_FIELD>
    </TABLE_ROW>
    <TABLE_ROW ROW_ID="3">
      <TABLE_FIELD FIELD_KEY="url"><![CDATA[/public/2018/03/03/jquery_slides_min_1__js.js]]></TABLE_FIELD>
      <TABLE_FIELD FIELD_KEY="upload_time"><![CDATA[1520119461]]></TABLE_FIELD>
      <TABLE_FIELD FIELD_KEY="username"><![CDATA[joywealth]]></TABLE_FIELD>
      <TABLE_FIELD FIELD_KEY="access_level"><![CDATA[null]]></TABLE_FIELD>
      <TABLE_FIELD FIELD_KEY="table_id"><![CDATA[0-0-3]]></TABLE_FIELD>
      <TABLE_FIELD FIELD_KEY="creation_time"><![CDATA[1520119461]]></TABLE_FIELD>
    </TABLE_ROW>
    <TABLE_ROW ROW_ID="4">
      <TABLE_FIELD FIELD_KEY="url"><![CDATA[/public/2018/03/03/slideJs_css.css]]></TABLE_FIELD>
      <TABLE_FIELD FIELD_KEY="upload_time"><![CDATA[1520119519]]></TABLE_FIELD>
      <TABLE_FIELD FIELD_KEY="username"><![CDATA[joywealth]]></TABLE_FIELD>
      <TABLE_FIELD FIELD_KEY="access_level"><![CDATA[null]]></TABLE_FIELD>
      <TABLE_FIELD FIELD_KEY="table_id"><![CDATA[0-0-4]]></TABLE_FIELD>
      <TABLE_FIELD FIELD_KEY="creation_time"><![CDATA[1520119519]]></TABLE_FIELD>
    </TABLE_ROW>
  </RECORDS>
  <TABLE_SETTINGS>
    <DATA_TYPES url="INPUTTEXT" username="INPUTTEXT" access_level="JSON" upload_time="INT" table_id="INPUTTEXT"/>
    <FOREIGN_KEYS/>
    <RELATIVES/>
  </TABLE_SETTINGS>
</DOCUMENT_ELEMENT>
